"Date","Price","Open","High","Low","Vol.","Change %"
"08/07/2024","8,012.20","8,070.10","8,070.10","8,008.40","903.20M","-0.72%"
"05/07/2024","8,070.10","8,079.10","8,079.10","8,055.20","768.46M","-0.11%"
"04/07/2024","8,079.20","7,986.10","8,082.50","7,986.10","1.02B","1.17%"
"03/07/2024","7,986.10","7,959.70","7,989.10","7,959.70","928.21M","0.33%"
"02/07/2024","7,959.70","7,992.30","7,995.90","7,944.40","1.01B","-0.41%"
"01/07/2024","7,992.30","8,013.80","8,013.80","7,958.30","927.61M","-0.27%"
"28/06/2024","8,013.80","8,002.80","8,061.90","7,998.50","1.45B","0.14%"
"27/06/2024","8,002.80","8,022.90","8,022.90","7,898.00","1.39B","-0.25%"
"26/06/2024","8,022.90","8,076.90","8,076.90","7,986.40","1.30B","-0.67%"
"25/06/2024","8,076.70","7,978.10","8,076.70","7,978.10","1.11B","1.27%"
"24/06/2024","7,975.10","8,039.90","8,040.00","7,970.40","1.13B","-0.81%"
"21/06/2024","8,039.90","8,012.10","8,040.50","7,995.50","2.50B","0.35%"
"20/06/2024","8,012.10","8,010.50","8,013.00","7,995.80","1.25B","0.02%"
"19/06/2024","8,010.50","8,015.80","8,026.90","7,995.20","986.97M","-0.07%"
"18/06/2024","8,015.80","7,943.50","8,018.10","7,942.60","1.12B","0.91%"
"17/06/2024","7,943.60","7,974.80","7,976.90","7,941.00","1.03B","-0.39%"
"14/06/2024","7,974.80","8,002.50","8,004.30","7,968.80","971.62M","-0.35%"
"13/06/2024","8,002.50","7,963.10","8,029.50","7,962.30","1.12B","0.49%"
"12/06/2024","7,963.10","8,005.80","8,005.80","7,948.20","1.08B","-0.53%"
"11/06/2024","8,005.90","8,112.80","8,112.80","7,986.90","1.16B","-1.32%"
"07/06/2024","8,112.80","8,074.30","8,115.10","8,074.30","902.27M","0.48%"
"06/06/2024","8,074.30","8,022.20","8,090.30","8,022.20","952.37M","0.65%"
"05/06/2024","8,022.20","7,994.10","8,026.20","7,986.50","1.04B","0.35%"
"04/06/2024","7,994.10","8,024.10","8,029.20","7,994.10","913.76M","-0.37%"
"03/06/2024","8,024.10","7,970.80","8,044.80","7,970.80","822.35M","0.67%"
"31/05/2024","7,970.80","7,895.90","7,970.80","7,895.90","1.98B","0.95%"
"30/05/2024","7,895.90","7,935.70","7,935.70","7,872.20","1.08B","-0.50%"
"29/05/2024","7,935.70","8,034.90","8,034.90","7,930.20","1.15B","-1.23%"
"28/05/2024","8,034.90","8,058.60","8,071.40","8,034.70","911.86M","-0.29%"
"27/05/2024","8,058.60","8,005.30","8,062.40","8,005.30","885.31M","0.74%"
"24/05/2024","7,999.20","8,083.10","8,083.10","7,986.90","908.40M","-1.04%"
"23/05/2024","8,083.10","8,118.30","8,118.30","8,037.70","1.01B","-0.43%"
"22/05/2024","8,118.30","8,120.20","8,150.60","8,118.30","1.21B","-0.02%"
"21/05/2024","8,120.20","8,132.10","8,137.80","8,112.50","1.42B","-0.15%"
"20/05/2024","8,132.10","8,082.30","8,142.40","8,082.30","1.23B","0.62%"
"17/05/2024","8,082.30","8,150.10","8,153.00","8,079.50","1.67B","-0.83%"
"16/05/2024","8,150.10","8,020.90","8,167.30","8,020.90","1.14B","1.61%"
"15/05/2024","8,020.90","7,995.70","8,054.10","7,995.70","922.23M","0.32%"
"14/05/2024","7,995.70","8,019.40","8,019.40","7,983.60","963.86M","-0.30%"
"13/05/2024","8,019.40","8,022.70","8,022.70","7,992.30","960.52M","-0.04%"
"10/05/2024","8,022.70","7,994.20","8,041.00","7,994.20","1.03B","0.36%"
"09/05/2024","7,994.20","8,076.70","8,076.70","7,987.40","997.65M","-1.02%"
"08/05/2024","8,076.70","8,065.50","8,084.50","8,059.60","924.35M","0.14%"
"07/05/2024","8,065.50","7,952.30","8,065.50","7,952.30","1.14B","1.42%"
"06/05/2024","7,952.30","7,897.50","7,953.40","7,897.50","919.01M","0.69%"
"03/05/2024","7,897.50","7,849.40","7,907.00","7,849.40","1.13B","0.61%"
"02/05/2024","7,849.40","7,831.90","7,875.40","7,831.90","1.24B","0.22%"
"01/05/2024","7,831.90","7,932.00","7,932.00","7,818.90","1.04B","-1.26%"
"30/04/2024","7,932.00","7,906.60","7,932.00","7,893.30","1.25B","0.32%"
"29/04/2024","7,906.60","7,837.40","7,913.40","7,837.40","1.03B","0.88%"
"26/04/2024","7,837.40","7,937.50","7,937.50","7,829.40","977.08M","-1.26%"
"24/04/2024","7,937.50","7,937.90","7,979.40","7,933.20","1.03B","-0.01%"
"23/04/2024","7,937.90","7,902.00","7,946.70","7,901.50","971.27M","0.45%"
"22/04/2024","7,902.00","7,817.40","7,927.90","7,817.40","1.00B","1.08%"
"19/04/2024","7,817.40","7,898.90","7,898.90","7,743.30","1.27B","-1.03%"
"18/04/2024","7,898.90","7,861.00","7,912.80","7,861.00","1.03B","0.48%"
"17/04/2024","7,861.00","7,862.30","7,891.20","7,847.70","1.06B","-0.02%"
"16/04/2024","7,862.30","8,009.40","8,009.40","7,836.80","1.67B","-1.84%"
"15/04/2024","8,009.40","8,050.20","8,050.60","7,991.20","1.13B","-0.51%"
"12/04/2024","8,050.20","8,074.10","8,074.10","8,028.40","1.14B","-0.30%"
"11/04/2024","8,074.10","8,109.70","8,109.70","8,011.30","1.03B","-0.44%"
"10/04/2024","8,109.70","8,081.20","8,129.40","8,081.20","1.05B","0.35%"
"09/04/2024","8,081.20","8,044.90","8,091.10","8,044.90","1.04B","0.45%"
"08/04/2024","8,044.90","8,026.00","8,057.70","8,022.30","1.01B","0.24%"
"05/04/2024","8,026.00","8,072.50","8,072.50","7,995.60","1.03B","-0.58%"
"04/04/2024","8,072.50","8,033.60","8,086.60","8,033.60","1.21B","0.48%"
"03/04/2024","8,033.60","8,145.80","8,152.70","8,022.20","1.13B","-1.38%"
"02/04/2024","8,145.80","8,153.70","8,168.00","8,127.70","1.21B","-0.10%"
"28/03/2024","8,153.70","8,073.60","8,154.10","8,073.60","1.28B","0.99%"
"27/03/2024","8,073.60","8,036.70","8,073.60","8,029.20","1.13B","0.46%"
"26/03/2024","8,036.70","8,071.50","8,071.50","8,030.20","1.10B","-0.43%"
"25/03/2024","8,071.50","8,026.30","8,103.50","8,026.30","846.06M","0.56%"
"22/03/2024","8,026.30","8,044.60","8,049.10","7,997.90","1.10B","-0.23%"
"21/03/2024","8,044.60","7,954.50","8,049.40","7,954.50","1.37B","1.13%"
"20/03/2024","7,954.50","7,957.80","7,993.00","7,952.60","1.16B","-0.04%"
"19/03/2024","7,957.80","7,925.20","7,961.80","7,917.40","1.10B","0.41%"
"18/03/2024","7,925.20","7,923.80","7,929.00","7,894.20","1.15B","0.02%"
"15/03/2024","7,923.80","7,974.00","7,974.00","7,848.30","4.08B","-0.63%"
"14/03/2024","7,974.00","7,989.50","8,002.50","7,961.20","1.47B","-0.19%"
"13/03/2024","7,989.50","7,973.00","8,002.70","7,971.30","1.08B","0.21%"
"12/03/2024","7,973.00","7,963.60","7,992.80","7,961.00","1.14B","0.12%"
"11/03/2024","7,963.60","8,107.50","8,107.50","7,956.10","941.81M","-1.77%"
"08/03/2024","8,107.50","8,026.70","8,112.60","8,026.70","1.28B","1.01%"
"07/03/2024","8,026.70","7,990.30","8,029.40","7,977.80","1.14B","0.46%"
"06/03/2024","7,990.30","7,988.30","7,994.70","7,951.20","1.20B","0.03%"
"05/03/2024","7,988.30","7,996.50","8,013.70","7,972.30","1.26B","-0.10%"
"04/03/2024","7,996.50","8,007.10","8,033.70","7,987.70","1.39B","-0.13%"
"01/03/2024","8,007.10","7,959.50","8,007.10","7,957.80","1.39B","0.60%"
"29/02/2024","7,959.50","7,917.10","7,963.80","7,886.90","2.51B","0.54%"
"28/02/2024","7,917.10","7,922.20","7,939.10","7,892.90","1.48B","-0.06%"
"27/02/2024","7,922.20","7,908.10","7,923.70","7,863.50","1.30B","0.18%"
"26/02/2024","7,908.10","7,899.20","7,938.70","7,890.60","1.37B","0.11%"
"23/02/2024","7,899.20","7,865.30","7,918.10","7,865.30","1.51B","0.43%"
"22/02/2024","7,865.30","7,860.00","7,870.30","7,839.10","2.60B","0.07%"
"21/02/2024","7,860.00","7,911.50","7,911.50","7,837.10","2.45B","-0.65%"
"20/02/2024","7,911.50","7,913.30","7,923.10","7,880.40","1.45B","-0.02%"
"19/02/2024","7,913.30","7,905.60","7,931.30","7,901.10","1.19B","0.10%"
"16/02/2024","7,905.60","7,851.70","7,927.00","7,851.70","1.42B","0.69%"
"15/02/2024","7,851.70","7,790.50","7,865.00","7,782.90","1.37B","0.79%"
"14/02/2024","7,790.50","7,847.80","7,847.80","7,731.00","1.22B","-0.73%"
"13/02/2024","7,847.80","7,860.30","7,878.30","7,843.70","1.09B","-0.16%"
"12/02/2024","7,860.30","7,884.70","7,884.70","7,854.00","793.95M","-0.31%"
"09/02/2024","7,884.70","7,875.20","7,894.70","7,866.50","985.55M","0.12%"
"08/02/2024","7,875.20","7,850.90","7,897.40","7,850.90","1.04B","0.31%"
"07/02/2024","7,850.90","7,808.90","7,878.60","7,808.90","1.16B","0.54%"
"06/02/2024","7,808.90","7,855.40","7,855.40","7,769.20","1.02B","-0.59%"
"05/02/2024","7,855.40","7,931.60","7,931.60","7,824.90","885.41M","-0.96%"
"02/02/2024","7,931.60","7,818.80","7,934.90","7,818.80","1.11B","1.44%"
"01/02/2024","7,818.80","7,912.80","7,912.80","7,808.20","1.03B","-1.19%"
"31/01/2024","7,912.80","7,835.00","7,913.90","7,805.20","1.33B","0.99%"
"30/01/2024","7,835.00","7,808.30","7,862.60","7,808.30","1.08B","0.34%"
"29/01/2024","7,808.30","7,785.20","7,812.80","7,775.70","1.08B","0.30%"
"25/01/2024","7,785.20","7,748.10","7,787.00","7,748.10","920.87M","0.48%"
"24/01/2024","7,748.10","7,742.10","7,766.00","7,728.70","976.06M","0.08%"
"23/01/2024","7,742.10","7,702.30","7,757.90","7,702.30","989.09M","0.52%"
"22/01/2024","7,702.30","7,652.30","7,708.50","7,652.30","1.10B","0.65%"
"19/01/2024","7,652.30","7,575.60","7,678.80","7,575.60","1.02B","1.01%"
"18/01/2024","7,575.60","7,622.50","7,622.50","7,551.20","1.24B","-0.62%"
"17/01/2024","7,622.50","7,647.10","7,650.70","7,604.00","1.07B","-0.32%"
"16/01/2024","7,647.10","7,730.10","7,730.10","7,632.90","923.10M","-1.07%"
"15/01/2024","7,730.10","7,730.50","7,739.40","7,709.70","898.12M","-0.01%"
"12/01/2024","7,730.50","7,736.80","7,736.80","7,705.50","857.93M","-0.08%"
"11/01/2024","7,736.80","7,702.70","7,748.40","7,702.10","843.20M","0.44%"
"10/01/2024","7,702.70","7,749.50","7,749.50","7,697.10","913.56M","-0.60%"
"09/01/2024","7,749.50","7,676.80","7,770.50","7,676.80","841.85M","0.95%"
"08/01/2024","7,676.80","7,718.40","7,732.50","7,667.30","872.11M","-0.54%"
"05/01/2024","7,718.40","7,730.60","7,750.30","7,717.50","681.98M","-0.16%"
"04/01/2024","7,730.60","7,757.30","7,763.30","7,714.80","754.75M","-0.34%"
"03/01/2024","7,757.30","7,867.40","7,867.40","7,755.80","754.62M","-1.40%"
"02/01/2024","7,867.40","7,829.50","7,870.90","7,823.20","276.83M","0.48%"
"29/12/2023","7,829.50","7,852.10","7,852.10","7,815.60","647.41M","-0.29%"
"28/12/2023","7,852.10","7,796.70","7,852.10","7,796.70","665.09M","0.71%"
"27/12/2023","7,796.70","7,730.20","7,823.00","7,730.20","663.63M","0.86%"
"22/12/2023","7,730.20","7,727.80","7,747.80","7,722.10","975.48M","0.03%"
"21/12/2023","7,727.80","7,764.00","7,764.00","7,711.20","1.15B","-0.47%"
"20/12/2023","7,764.00","7,715.90","7,778.50","7,715.90","1.17B","0.62%"
"19/12/2023","7,715.90","7,649.60","7,719.50","7,648.40","1.12B","0.87%"
"18/12/2023","7,649.60","7,661.90","7,667.40","7,629.70","1.03B","-0.16%"
"15/12/2023","7,661.90","7,599.40","7,683.70","7,599.40","3.03B","0.82%"
"14/12/2023","7,599.40","7,469.10","7,599.40","7,469.10","1.51B","1.74%"
"13/12/2023","7,469.10","7,446.40","7,483.40","7,446.00","1.05B","0.30%"
"12/12/2023","7,446.40","7,410.10","7,452.90","7,408.10","1.12B","0.49%"
"11/12/2023","7,410.20","7,405.60","7,438.50","7,400.90","1.13B","0.06%"
"08/12/2023","7,405.60","7,384.70","7,405.60","7,355.40","1.11B","0.28%"
"07/12/2023","7,384.70","7,386.70","7,389.10","7,360.90","1.33B","-0.03%"
"06/12/2023","7,386.70","7,269.80","7,401.00","7,269.80","1.31B","1.61%"
"05/12/2023","7,269.80","7,336.10","7,336.10","7,248.80","1.34B","-0.90%"
"04/12/2023","7,336.10","7,285.10","7,378.20","7,285.10","1.47B","0.70%"
"01/12/2023","7,285.10","7,297.70","7,297.70","7,254.60","1.03B","-0.17%"
"30/11/2023","7,297.70","7,245.80","7,297.70","7,232.40","2.63B","0.72%"
"29/11/2023","7,245.80","7,223.10","7,264.20","7,222.20","1.14B","0.31%"
"28/11/2023","7,223.10","7,192.80","7,255.40","7,191.00","1.01B","0.42%"
"27/11/2023","7,192.80","7,244.10","7,257.60","7,192.80","829.41M","-0.71%"
"24/11/2023","7,244.10","7,234.20","7,268.10","7,233.40","691.79M","0.14%"
"23/11/2023","7,234.20","7,277.80","7,277.80","7,231.30","987.93M","-0.60%"
"22/11/2023","7,277.80","7,289.30","7,295.50","7,265.50","1.03B","-0.16%"
"21/11/2023","7,289.30","7,268.70","7,299.70","7,268.70","1.16B","0.28%"
"20/11/2023","7,268.70","7,261.00","7,282.50","7,259.90","1.03B","0.11%"
"17/11/2023","7,261.00","7,269.50","7,273.60","7,248.40","1.13B","-0.12%"
"16/11/2023","7,269.50","7,316.70","7,320.80","7,260.60","1.08B","-0.65%"
"15/11/2023","7,316.70","7,207.10","7,334.40","7,207.10","1.17B","1.52%"
"14/11/2023","7,207.10","7,145.00","7,212.60","7,145.00","1.08B","0.87%"
"13/11/2023","7,145.00","7,176.60","7,185.40","7,145.00","1.04B","-0.44%"
"10/11/2023","7,176.60","7,215.10","7,218.10","7,164.70","1.15B","-0.53%"
"09/11/2023","7,215.10","7,198.40","7,245.00","7,198.40","1.39B","0.23%"
"08/11/2023","7,198.40","7,176.60","7,200.50","7,167.60","1.32B","0.30%"
"07/11/2023","7,176.60","7,192.30","7,195.10","7,149.50","965.99M","-0.22%"
"06/11/2023","7,192.30","7,175.10","7,203.70","7,175.10","1.11B","0.24%"
"03/11/2023","7,175.10","7,095.00","7,184.40","7,095.00","1.37B","1.13%"
"02/11/2023","7,095.00","7,024.60","7,119.80","7,024.60","1.04B","1.00%"
"01/11/2023","7,024.60","6,967.50","7,024.60","6,967.50","1.13B","0.82%"
"31/10/2023","6,967.50","6,960.20","7,002.20","6,956.90","1.47B","0.10%"
"30/10/2023","6,960.20","7,014.20","7,016.10","6,938.50","1.13B","-0.77%"
"27/10/2023","7,014.20","7,001.10","7,031.20","6,998.50","955.42M","0.19%"
"26/10/2023","7,001.10","7,046.30","7,046.30","6,966.70","1.45B","-0.64%"
"25/10/2023","7,046.30","7,045.60","7,086.30","7,023.90","1.18B","0.01%"
"24/10/2023","7,045.60","7,030.00","7,066.70","7,023.60","1.09B","0.22%"
"23/10/2023","7,030.00","7,089.70","7,089.70","7,017.20","984.21M","-0.84%"
"20/10/2023","7,089.70","7,172.70","7,172.70","7,066.50","1.19B","-1.16%"
"19/10/2023","7,172.70","7,265.70","7,265.70","7,142.50","1.26B","-1.28%"
"18/10/2023","7,265.70","7,244.40","7,265.70","7,233.90","960.99M","0.29%"
"17/10/2023","7,244.40","7,214.60","7,287.10","7,214.60","874.36M","0.41%"
"16/10/2023","7,214.60","7,243.50","7,243.50","7,209.80","860.59M","-0.40%"
"13/10/2023","7,243.50","7,287.40","7,287.40","7,213.10","1.04B","-0.60%"
"12/10/2023","7,287.40","7,281.30","7,305.20","7,277.10","1.08B","0.08%"
"11/10/2023","7,281.30","7,231.00","7,284.30","7,231.00","1.18B","0.70%"
"10/10/2023","7,231.00","7,157.00","7,247.90","7,157.00","1.20B","1.03%"
"09/10/2023","7,157.00","7,143.00","7,188.70","7,143.00","946.98M","0.20%"
"06/10/2023","7,143.00","7,117.50","7,160.60","7,114.50","982.43M","0.36%"
"05/10/2023","7,117.50","7,082.20","7,126.70","7,077.70","1.06B","0.50%"
"04/10/2023","7,082.20","7,141.00","7,141.00","7,062.80","1.19B","-0.82%"
"03/10/2023","7,141.00","7,235.50","7,235.50","7,107.60","1.25B","-1.31%"
"02/10/2023","7,235.50","7,249.70","7,254.50","7,217.20","730.49M","-0.20%"
"29/09/2023","7,249.70","7,222.50","7,265.40","7,222.50","1.16B","0.38%"
"28/09/2023","7,222.50","7,229.80","7,251.00","7,200.00","1.14B","-0.10%"
"27/09/2023","7,229.80","7,238.30","7,238.30","7,203.30","1.12B","-0.12%"
"26/09/2023","7,238.30","7,278.60","7,278.60","7,226.70","1.05B","-0.55%"
"25/09/2023","7,278.60","7,270.00","7,278.60","7,223.20","875.80M","0.12%"
"22/09/2023","7,270.00","7,266.60","7,270.00","7,156.50","1.33B","0.05%"
"21/09/2023","7,266.60","7,361.90","7,361.90","7,259.10","1.28B","-1.29%"
"20/09/2023","7,361.90","7,395.00","7,395.00","7,347.00","1.23B","-0.45%"
"19/09/2023","7,395.00","7,428.10","7,428.10","7,385.30","1.03B","-0.45%"
"18/09/2023","7,428.10","7,482.60","7,482.60","7,423.10","1.33B","-0.73%"
"15/09/2023","7,482.60","7,382.70","7,517.40","7,382.70","3.71B","1.35%"
"14/09/2023","7,382.70","7,345.70","7,395.60","7,340.50","1.08B","0.50%"
"13/09/2023","7,345.70","7,402.90","7,402.90","7,333.00","1.21B","-0.77%"
"12/09/2023","7,402.90","7,387.80","7,403.50","7,352.10","1.12B","0.20%"
"11/09/2023","7,387.80","7,358.10","7,387.80","7,331.00","1.03B","0.40%"
"08/09/2023","7,358.10","7,374.90","7,379.60","7,338.00","996.14M","-0.23%"
"07/09/2023","7,374.90","7,461.60","7,461.60","7,361.10","1.09B","-1.16%"
"06/09/2023","7,461.60","7,516.80","7,516.80","7,456.50","1.21B","-0.73%"
"05/09/2023","7,516.80","7,525.70","7,526.10","7,473.40","890.42M","-0.12%"
"04/09/2023","7,525.70","7,489.90","7,548.40","7,489.90","1.13B","0.48%"
"01/09/2023","7,489.90","7,517.80","7,517.80","7,478.30","946.06M","-0.37%"
"31/08/2023","7,517.80","7,506.80","7,521.40","7,504.40","1.94B","0.15%"
"30/08/2023","7,506.80","7,416.40","7,524.20","7,416.40","1.21B","1.22%"
"29/08/2023","7,416.40","7,365.90","7,416.40","7,365.00","1.24B","0.69%"
"28/08/2023","7,365.90","7,332.60","7,368.30","7,332.60","1.39B","0.45%"
"25/08/2023","7,332.60","7,400.50","7,400.50","7,306.70","1.05B","-0.92%"
"24/08/2023","7,400.60","7,367.60","7,413.50","7,367.60","1.18B","0.45%"
"23/08/2023","7,367.60","7,346.40","7,392.50","7,335.00","1.03B","0.29%"
"22/08/2023","7,346.40","7,335.90","7,348.30","7,313.80","1.14B","0.14%"
"21/08/2023","7,335.90","7,366.00","7,366.00","7,335.90","1.03B","-0.41%"
"18/08/2023","7,366.00","7,364.40","7,384.50","7,342.20","1.18B","0.02%"
"17/08/2023","7,364.40","7,411.80","7,411.80","7,322.20","1.31B","-0.64%"
"16/08/2023","7,411.80","7,520.40","7,520.40","7,400.40","1.10B","-1.44%"
"15/08/2023","7,520.40","7,493.10","7,544.10","7,488.40","1.05B","0.36%"
"14/08/2023","7,493.10","7,554.20","7,554.20","7,475.30","918.40M","-0.81%"
"11/08/2023","7,554.20","7,568.50","7,574.60","7,544.30","896.88M","-0.19%"
"10/08/2023","7,568.50","7,543.40","7,568.50","7,530.30","1.14B","0.33%"
"09/08/2023","7,543.40","7,519.70","7,546.00","7,514.80","1.06B","0.32%"
"08/08/2023","7,519.70","7,519.90","7,553.20","7,518.70","1.11B","0.00%"
"07/08/2023","7,519.90","7,535.90","7,538.10","7,506.20","735.39M","-0.21%"
"04/08/2023","7,535.90","7,522.30","7,535.90","7,495.00","960.20M","0.18%"
"03/08/2023","7,522.30","7,568.40","7,568.40","7,497.40","935.22M","-0.61%"
"02/08/2023","7,568.40","7,663.70","7,663.70","7,557.20","894.74M","-1.24%"
"01/08/2023","7,663.70","7,622.20","7,683.00","7,622.20","964.41M","0.54%"
"31/07/2023","7,622.20","7,616.10","7,649.70","7,587.90","998.18M","0.08%"
"28/07/2023","7,616.10","7,672.60","7,672.60","7,567.60","958.35M","-0.74%"
"27/07/2023","7,672.60","7,617.80","7,689.40","7,604.00","1.08B","0.72%"
"26/07/2023","7,617.80","7,554.70","7,635.80","7,554.30","982.08M","0.84%"
"25/07/2023","7,554.70","7,517.30","7,559.00","7,517.30","969.34M","0.50%"
"24/07/2023","7,517.30","7,526.80","7,544.10","7,517.30","1.04B","-0.13%"
"21/07/2023","7,526.80","7,541.90","7,541.90","7,501.30","1.02B","-0.20%"
"20/07/2023","7,541.90","7,538.20","7,598.70","7,538.20","1.02B","0.05%"
"19/07/2023","7,538.20","7,496.70","7,548.50","7,496.70","1.02B","0.55%"
"18/07/2023","7,496.70","7,511.60","7,511.60","7,474.50","873.29M","-0.20%"
"17/07/2023","7,511.60","7,517.10","7,520.40","7,489.10","896.20M","-0.07%"
"14/07/2023","7,517.10","7,455.40","7,526.30","7,455.40","971.02M","0.83%"
"13/07/2023","7,455.40","7,341.50","7,464.20","7,341.50","1.10B","1.55%"
"12/07/2023","7,341.50","7,315.80","7,365.70","7,315.80","834.14M","0.35%"
"11/07/2023","7,315.80","7,206.90","7,315.80","7,206.90","797.79M","1.51%"
"10/07/2023","7,206.90","7,244.10","7,288.60","7,201.00","802.25M","-0.51%"
"07/07/2023","7,244.10","7,365.00","7,365.00","7,222.70","868.31M","-1.64%"
"06/07/2023","7,365.00","7,453.90","7,453.90","7,346.00","947.57M","-1.18%"
"05/07/2023","7,453.10","7,478.90","7,480.90","7,446.60","891.98M","-0.34%"
"04/07/2023","7,478.90","7,442.80","7,484.30","7,431.70","895.24M","0.49%"
"03/07/2023","7,442.80","7,401.50","7,448.70","7,398.10","1.02B","0.56%"
"30/06/2023","7,401.50","7,389.60","7,405.70","7,360.10","1.05B","0.16%"
"29/06/2023","7,389.60","7,384.10","7,412.00","7,375.70","1.02B","0.07%"
"28/06/2023","7,384.10","7,300.00","7,399.10","7,300.00","1.07B","1.15%"
"27/06/2023","7,300.00","7,264.10","7,307.10","7,264.10","1.00B","0.49%"
"26/06/2023","7,264.10","7,285.60","7,285.60","7,240.70","979.61M","-0.30%"
"23/06/2023","7,285.60","7,381.00","7,381.90","7,274.20","1.03B","-1.29%"
"22/06/2023","7,381.00","7,505.60","7,505.60","7,372.90","1.09B","-1.66%"
"21/06/2023","7,505.60","7,548.50","7,548.50","7,505.60","1.13B","-0.57%"
"20/06/2023","7,548.50","7,489.20","7,557.50","7,489.20","1.10B","0.79%"
"19/06/2023","7,489.20","7,451.20","7,496.70","7,447.00","1.00B","0.51%"
"16/06/2023","7,451.20","7,370.00","7,461.30","7,370.00","2.27B","1.10%"
"15/06/2023","7,370.00","7,354.20","7,391.90","7,353.20","1.29B","0.21%"
"14/06/2023","7,354.20","7,329.10","7,361.40","7,328.80","1.30B","0.34%"
"13/06/2023","7,329.10","7,312.30","7,329.10","7,291.80","1.18B","0.23%"
"09/06/2023","7,312.30","7,288.30","7,319.20","7,288.30","996.52M","0.33%"
"08/06/2023","7,288.30","7,310.40","7,323.60","7,281.70","1.06B","-0.30%"
"07/06/2023","7,310.40","7,319.90","7,355.30","7,310.40","1.11B","-0.13%"
"06/06/2023","7,319.90","7,401.20","7,401.20","7,316.00","1.18B","-1.10%"
"05/06/2023","7,401.20","7,331.20","7,419.10","7,331.20","959.86M","0.95%"
"02/06/2023","7,331.20","7,290.70","7,344.40","7,290.70","1.02B","0.56%"
"01/06/2023","7,290.70","7,273.50","7,309.40","7,257.00","1.05B","0.24%"
"31/05/2023","7,273.50","7,387.30","7,387.30","7,273.50","2.26B","-1.54%"
"30/05/2023","7,387.30","7,395.10","7,403.80","7,382.00","943.49M","-0.11%"
"29/05/2023","7,395.10","7,334.50","7,436.40","7,334.50","838.50M","0.83%"
"26/05/2023","7,334.50","7,316.70","7,335.30","7,308.40","869.86M","0.24%"
"25/05/2023","7,316.70","7,392.90","7,392.90","7,309.10","1.15B","-1.03%"
"24/05/2023","7,392.90","7,447.40","7,447.40","7,388.00","913.43M","-0.73%"
"23/05/2023","7,447.40","7,450.70","7,476.40","7,447.40","917.12M","-0.04%"
"22/05/2023","7,450.70","7,471.50","7,475.60","7,437.10","928.31M","-0.28%"
"19/05/2023","7,471.50","7,427.00","7,482.80","7,427.00","1.03B","0.60%"
"18/05/2023","7,427.00","7,389.30","7,450.20","7,389.30","1.13B","0.51%"
"17/05/2023","7,389.30","7,424.10","7,424.10","7,350.20","972.50M","-0.47%"
"16/05/2023","7,424.10","7,460.50","7,470.80","7,424.10","1.05B","-0.49%"
"15/05/2023","7,460.50","7,453.20","7,460.50","7,429.70","893.69M","0.10%"
"12/05/2023","7,453.20","7,449.70","7,453.30","7,429.20","1.10B","0.05%"
"11/05/2023","7,449.70","7,452.30","7,463.50","7,428.80","1.11B","-0.03%"
"10/05/2023","7,452.30","7,456.70","7,459.70","7,432.20","948.22M","-0.06%"
"09/05/2023","7,456.70","7,472.10","7,472.10","7,436.90","1.05B","-0.21%"
"08/05/2023","7,472.10","7,413.30","7,487.00","7,413.30","1.09B","0.80%"
"05/05/2023","7,413.10","7,388.20","7,413.10","7,363.50","1.08B","0.34%"
"04/05/2023","7,388.20","7,389.00","7,393.20","7,336.60","1.02B","-0.01%"
"03/05/2023","7,389.00","7,459.80","7,459.80","7,350.90","1.14B","-0.95%"
"02/05/2023","7,459.80","7,523.90","7,526.00","7,441.70","1.03B","-0.86%"
"01/05/2023","7,524.20","7,501.00","7,559.30","7,501.00","1.01B","0.31%"
"28/04/2023","7,501.00","7,482.20","7,520.10","7,482.20","1.15B","0.25%"
"27/04/2023","7,482.20","7,502.80","7,510.30","7,465.10","909.46M","-0.27%"
"26/04/2023","7,502.80","7,512.20","7,512.20","7,472.60","1.14B","-0.13%"
"24/04/2023","7,512.20","7,523.00","7,523.00","7,498.30","832.23M","-0.14%"
"21/04/2023","7,523.00","7,555.40","7,555.40","7,509.50","1.05B","-0.43%"
"20/04/2023","7,555.40","7,561.30","7,569.10","7,539.60","1.09B","-0.08%"
"19/04/2023","7,561.30","7,557.50","7,571.90","7,552.80","966.70M","0.05%"
"18/04/2023","7,557.50","7,578.10","7,578.10","7,536.90","1.36B","-0.27%"
"17/04/2023","7,578.10","7,560.40","7,587.50","7,560.40","1.07B","0.23%"
"14/04/2023","7,560.40","7,520.70","7,561.90","7,514.20","1.03B","0.53%"
"13/04/2023","7,520.70","7,538.90","7,538.90","7,508.70","1.12B","-0.24%"
"12/04/2023","7,538.90","7,504.20","7,562.50","7,504.20","1.23B","0.46%"
"11/04/2023","7,504.20","7,412.00","7,516.60","7,412.00","1.16B","1.24%"
"06/04/2023","7,412.00","7,434.30","7,440.60","7,393.00","1.20B","-0.30%"
"05/04/2023","7,434.30","7,431.50","7,455.00","7,416.00","1.34B","0.04%"
"04/04/2023","7,431.50","7,416.40","7,434.00","7,406.10","1.14B","0.20%"
"03/04/2023","7,416.40","7,373.30","7,440.60","7,373.30","1.27B","0.58%"
"31/03/2023","7,373.30","7,312.40","7,375.40","7,312.40","1.36B","0.83%"
"30/03/2023","7,312.40","7,236.00","7,315.90","7,236.00","1.47B","1.06%"
"29/03/2023","7,236.00","7,219.40","7,237.50","7,198.00","1.29B","0.23%"
"28/03/2023","7,219.40","7,143.80","7,231.70","7,143.80","1.38B","1.06%"
"27/03/2023","7,143.80","7,137.60","7,172.90","7,137.60","847.16M","0.09%"
"24/03/2023","7,137.60","7,148.60","7,148.60","7,103.20","1.01B","-0.15%"
"23/03/2023","7,148.60","7,200.70","7,200.70","7,131.20","1.16B","-0.72%"
"22/03/2023","7,200.70","7,142.20","7,218.00","7,142.20","1.16B","0.82%"
"21/03/2023","7,142.20","7,085.10","7,176.90","7,085.10","1.06B","0.81%"
"20/03/2023","7,085.10","7,187.70","7,187.70","7,081.50","1.19B","-1.43%"
"17/03/2023","7,188.20","7,152.70","7,190.40","7,146.70","2.69B","0.50%"
"16/03/2023","7,152.70","7,263.10","7,263.10","7,100.60","1.67B","-1.52%"
"15/03/2023","7,263.10","7,201.10","7,263.10","7,201.10","1.16B","0.86%"
"14/03/2023","7,201.10","7,311.00","7,311.00","7,146.20","1.57B","-1.50%"
"13/03/2023","7,311.00","7,348.00","7,353.90","7,270.20","1.03B","-0.51%"
"10/03/2023","7,348.20","7,514.40","7,514.40","7,337.90","1.17B","-2.21%"
"09/03/2023","7,514.40","7,503.90","7,530.10","7,487.60","1.01B","0.14%"
"08/03/2023","7,503.90","7,562.70","7,562.70","7,483.70","1.22B","-0.78%"
"07/03/2023","7,562.70","7,525.70","7,566.70","7,498.80","1.12B","0.49%"
"06/03/2023","7,525.70","7,490.60","7,540.40","7,490.60","906.82M","0.56%"
"03/03/2023","7,484.00","7,460.00","7,493.30","7,460.00","915.65M","0.32%"
"02/03/2023","7,460.00","7,456.10","7,487.00","7,446.60","1.38B","0.05%"
"01/03/2023","7,456.10","7,458.00","7,474.60","7,414.00","996.59M","-0.03%"
"28/02/2023","7,458.00","7,419.60","7,468.40","7,419.60","1.66B","0.52%"
"27/02/2023","7,419.60","7,512.70","7,512.70","7,389.60","1.18B","-1.24%"
"24/02/2023","7,512.70","7,492.50","7,521.60","7,487.70","1.08B","0.27%"
"23/02/2023","7,492.50","7,517.00","7,517.00","7,486.00","1.08B","-0.33%"
"22/02/2023","7,517.00","7,544.60","7,545.50","7,471.00","1.07B","-0.37%"
"21/02/2023","7,544.60","7,552.50","7,552.50","7,506.20","971.21M","-0.10%"
"20/02/2023","7,552.50","7,552.30","7,560.10","7,532.70","890.22M","0.00%"
"17/02/2023","7,552.20","7,620.70","7,622.90","7,552.20","1.07B","-0.90%"
"16/02/2023","7,620.70","7,559.10","7,629.10","7,559.00","1.23B","0.81%"
"15/02/2023","7,559.10","7,628.60","7,638.00","7,544.90","1.26B","-0.91%"
"14/02/2023","7,628.60","7,614.50","7,672.70","7,614.50","999.61M","0.19%"
"13/02/2023","7,614.50","7,631.10","7,631.10","7,603.20","1.02B","-0.22%"
"10/02/2023","7,631.10","7,695.80","7,695.80","7,627.80","973.07M","-0.84%"
"09/02/2023","7,695.80","7,740.50","7,740.50","7,688.20","934.17M","-0.58%"
"08/02/2023","7,740.50","7,713.10","7,744.20","7,713.10","979.08M","0.36%"
"07/02/2023","7,713.10","7,745.90","7,761.80","7,705.00","991.52M","-0.42%"
"06/02/2023","7,745.90","7,771.80","7,779.40","7,738.90","1.13B","-0.33%"
"03/02/2023","7,771.80","7,728.50","7,778.30","7,714.70","1.32B","0.56%"
"02/02/2023","7,728.50","7,709.70","7,761.70","7,709.70","1.03B","0.24%"
"01/02/2023","7,709.70","7,686.10","7,748.90","7,686.10","1.03B","0.31%"
"31/01/2023","7,686.10","7,700.40","7,729.40","7,674.00","1.28B","-0.19%"
"30/01/2023","7,700.40","7,709.50","7,725.50","7,695.00","982.65M","-0.12%"
"27/01/2023","7,709.50","7,688.00","7,727.80","7,688.00","1.08B","0.28%"
"25/01/2023","7,688.00","7,710.50","7,725.30","7,673.50","989.24M","-0.29%"
"24/01/2023","7,710.50","7,674.20","7,717.40","7,673.80","994.89M","0.47%"
"23/01/2023","7,674.20","7,666.30","7,690.10","7,650.00","884.45M","0.10%"
"20/01/2023","7,666.30","7,648.40","7,671.30","7,639.90","1.05B","0.23%"
"19/01/2023","7,648.40","7,609.50","7,652.10","7,592.60","842.66M","0.51%"
"18/01/2023","7,609.50","7,597.60","7,626.00","7,589.50","945.31M","0.16%"
"17/01/2023","7,597.60","7,605.00","7,611.10","7,578.60","835.41M","-0.10%"
"16/01/2023","7,605.00","7,540.10","7,612.30","7,540.10","885.18M","0.86%"
"13/01/2023","7,540.10","7,489.90","7,567.90","7,489.90","824.14M","0.67%"
"12/01/2023","7,489.90","7,406.40","7,497.90","7,406.40","886.54M","1.13%"
"11/01/2023","7,406.40","7,336.60","7,412.10","7,336.60","773.85M","0.95%"
"10/01/2023","7,336.60","7,355.80","7,356.00","7,329.90","769.71M","-0.26%"
"09/01/2023","7,355.80","7,308.80","7,388.10","7,308.80","888.28M","0.64%"
"06/01/2023","7,308.80","7,259.30","7,315.50","7,256.80","773.70M","0.68%"
"05/01/2023","7,259.30","7,249.10","7,290.40","7,248.50","847.94M","0.14%"
"04/01/2023","7,249.10","7,131.10","7,249.10","7,131.10","760.42M","1.65%"
"03/01/2023","7,131.10","7,221.70","7,255.40","7,087.80","578.28M","-1.25%"
"30/12/2022","7,221.70","7,199.80","7,252.20","7,199.80","627.68M","0.34%"
"29/12/2022","7,197.30","7,262.20","7,262.20","7,170.80","655.55M","-0.89%"
"28/12/2022","7,262.20","7,287.80","7,299.50","7,243.80","614.48M","-0.35%"
"23/12/2022","7,287.80","7,335.20","7,335.20","7,241.60","648.19M","-0.65%"
"22/12/2022","7,335.20","7,293.00","7,348.60","7,293.00","854.83M","0.58%"
"21/12/2022","7,293.00","7,199.60","7,315.60","7,199.60","1.01B","1.30%"
"20/12/2022","7,199.60","7,321.00","7,321.00","7,196.40","1.02B","-1.66%"
"19/12/2022","7,321.00","7,336.50","7,340.80","7,312.30","745.55M","-0.21%"
"16/12/2022","7,336.50","7,390.30","7,390.30","7,301.50","1.94B","-0.73%"
"15/12/2022","7,390.30","7,438.70","7,438.70","7,389.20","1.41B","-0.65%"
"14/12/2022","7,438.70","7,389.20","7,441.10","7,389.20","1.07B","0.67%"
"13/12/2022","7,389.20","7,370.60","7,413.60","7,370.60","941.83M","0.25%"
"12/12/2022","7,370.60","7,406.30","7,406.30","7,346.40","972.36M","-0.48%"
"09/12/2022","7,406.30","7,369.40","7,410.10","7,369.40","1.05B","0.50%"
"08/12/2022","7,369.40","7,423.20","7,423.20","7,362.90","1.22B","-0.72%"
"07/12/2022","7,423.20","7,487.70","7,487.70","7,412.90","1.13B","-0.86%"
"06/12/2022","7,487.70","7,527.80","7,527.80","7,480.90","1.05B","-0.53%"
"05/12/2022","7,527.80","7,503.50","7,551.40","7,503.50","1.10B","0.32%"
"02/12/2022","7,503.50","7,554.00","7,554.00","7,495.90","1.05B","-0.67%"
"01/12/2022","7,554.00","7,480.70","7,573.50","7,480.70","1.10B","0.98%"
"30/11/2022","7,480.70","7,442.00","7,487.60","7,412.40","2.60B","0.52%"
"29/11/2022","7,442.00","7,418.60","7,442.00","7,389.70","1.04B","0.32%"
"28/11/2022","7,418.60","7,447.60","7,447.60","7,405.30","1.14B","-0.39%"
"25/11/2022","7,447.60","7,432.20","7,457.70","7,430.30","873.89M","0.21%"
"24/11/2022","7,432.20","7,422.40","7,454.60","7,422.40","879.58M","0.13%"
"23/11/2022","7,422.40","7,376.40","7,438.30","7,376.40","1.01B","0.62%"
"22/11/2022","7,376.40","7,335.10","7,390.20","7,335.10","981.00M","0.56%"
"21/11/2022","7,335.10","7,354.70","7,375.70","7,328.00","938.39M","-0.27%"
"18/11/2022","7,354.70","7,339.00","7,368.40","7,339.00","1.04B","0.21%"
"17/11/2022","7,339.00","7,327.40","7,352.10","7,313.20","1.00B","0.16%"
"16/11/2022","7,327.40","7,345.40","7,346.10","7,309.80","1.11B","-0.25%"
"15/11/2022","7,345.40","7,350.20","7,350.20","7,316.40","1.24B","-0.07%"
"14/11/2022","7,350.20","7,350.10","7,395.20","7,350.10","1.43B","0.00%"
"11/11/2022","7,350.10","7,145.70","7,364.30","7,145.70","1.69B","2.86%"
"10/11/2022","7,145.70","7,187.40","7,187.40","7,134.80","1.28B","-0.58%"
"09/11/2022","7,187.40","7,150.10","7,198.30","7,150.10","1.14B","0.52%"
"08/11/2022","7,150.10","7,129.20","7,160.90","7,129.20","1.05B","0.29%"
"07/11/2022","7,129.20","7,089.30","7,143.00","7,089.30","978.75M","0.56%"
"04/11/2022","7,089.30","7,050.60","7,091.00","7,022.80","968.42M","0.55%"
"03/11/2022","7,050.60","7,177.80","7,177.80","7,011.40","1.02B","-1.77%"
"02/11/2022","7,177.80","7,169.60","7,201.80","7,169.60","1.12B","0.11%"
"01/11/2022","7,169.60","7,054.80","7,169.60","7,051.30","1.01B","1.63%"
"31/10/2022","7,054.80","6,973.50","7,061.90","6,973.50","1.44B","1.17%"
"28/10/2022","6,973.50","7,042.30","7,042.30","6,964.10","1.08B","-0.98%"
"27/10/2022","7,042.30","7,005.10","7,071.00","7,005.10","1.05B","0.53%"
"26/10/2022","7,005.10","6,993.70","7,038.70","6,993.70","1.12B","0.16%"
"25/10/2022","6,993.70","6,978.40","7,028.20","6,978.40","1.04B","0.22%"
"24/10/2022","6,978.40","6,869.90","7,022.00","6,869.90","970.79M","1.58%"
"21/10/2022","6,869.90","6,918.70","6,918.70","6,859.60","1.08B","-0.71%"
"20/10/2022","6,918.70","6,999.80","6,999.80","6,891.10","1.20B","-1.16%"
"19/10/2022","6,999.80","6,976.20","7,020.80","6,974.80","1.00B","0.34%"
"18/10/2022","6,976.20","6,854.30","6,986.70","6,854.30","1.14B","1.78%"
"17/10/2022","6,854.30","6,948.60","6,948.60","6,832.60","966.32M","-1.36%"
"14/10/2022","6,948.60","6,834.50","6,962.40","6,834.50","929.28M","1.67%"
"13/10/2022","6,834.50","6,842.30","6,876.50","6,833.80","993.21M","-0.11%"
"12/10/2022","6,842.30","6,844.30","6,866.40","6,828.60","1.02B","-0.03%"
"11/10/2022","6,844.30","6,872.00","6,916.30","6,844.30","1.04B","-0.40%"
"10/10/2022","6,872.00","6,975.40","6,975.40","6,854.10","887.33M","-1.49%"
"07/10/2022","6,976.10","7,033.50","7,033.50","6,976.10","982.78M","-0.82%"
"06/10/2022","7,033.50","7,030.60","7,041.20","7,001.60","1.10B","0.04%"
"05/10/2022","7,030.90","6,905.30","7,031.90","6,905.30","1.41B","1.82%"
"04/10/2022","6,905.30","6,656.40","6,905.30","6,656.40","1.32B","3.74%"
"03/10/2022","6,656.40","6,678.70","6,704.70","6,609.80","928.46M","-0.33%"
"30/09/2022","6,678.70","6,760.60","6,767.20","6,663.20","1.24B","-1.21%"
"29/09/2022","6,760.60","6,659.80","6,798.00","6,659.80","1.12B","1.51%"
"28/09/2022","6,659.80","6,696.50","6,717.90","6,630.00","1.27B","-0.55%"
"27/09/2022","6,696.50","6,667.50","6,710.30","6,667.50","1.33B","0.43%"
"26/09/2022","6,667.50","6,788.70","6,788.70","6,636.80","1.53B","-1.79%"
"23/09/2022","6,788.70","6,921.40","6,929.20","6,756.60","1.38B","-1.92%"
"21/09/2022","6,921.40","7,030.00","7,030.00","6,916.70","1.10B","-1.54%"
"20/09/2022","7,030.00","6,948.60","7,035.90","6,948.60","909.19M","1.17%"
"19/09/2022","6,948.60","6,975.20","6,988.10","6,945.40","1.05B","-0.38%"
"16/09/2022","6,975.20","7,082.50","7,082.50","6,972.00","3.36B","-1.51%"
"15/09/2022","7,082.50","7,071.80","7,120.60","7,071.80","1.46B","0.15%"
"14/09/2022","7,071.80","7,253.70","7,253.70","7,045.00","1.31B","-2.51%"
"13/09/2022","7,253.70","7,208.20","7,258.00","7,208.20","1.28B","0.63%"
"12/09/2022","7,208.20","7,139.00","7,218.70","7,139.00","1.12B","0.97%"
"09/09/2022","7,139.00","7,085.30","7,142.20","7,085.30","1.34B","0.76%"
"08/09/2022","7,085.30","6,959.30","7,085.30","6,959.30","1.33B","1.81%"
"07/09/2022","6,959.30","7,055.90","7,055.90","6,947.10","1.34B","-1.37%"
"06/09/2022","7,055.90","7,074.50","7,118.90","7,055.50","1.04B","-0.26%"
"05/09/2022","7,074.50","7,056.30","7,082.20","7,044.90","1.05B","0.26%"
"02/09/2022","7,056.30","7,079.90","7,086.20","7,048.30","1.03B","-0.33%"
"01/09/2022","7,079.90","7,226.10","7,226.10","7,075.70","1.24B","-2.02%"
"31/08/2022","7,226.10","7,230.40","7,232.00","7,169.40","1.45B","-0.06%"
"30/08/2022","7,230.40","7,193.40","7,251.50","7,193.40","1.17B","0.51%"
"29/08/2022","7,193.40","7,345.80","7,345.80","7,171.50","1.25B","-2.07%"
"26/08/2022","7,345.80","7,291.90","7,368.90","7,291.90","1.13B","0.74%"
"25/08/2022","7,291.90","7,242.30","7,303.60","7,238.10","1.20B","0.68%"
"24/08/2022","7,242.30","7,199.20","7,255.60","7,199.20","1.29B","0.60%"
"23/08/2022","7,199.20","7,287.20","7,288.10","7,199.20","1.33B","-1.21%"
"22/08/2022","7,287.20","7,358.70","7,358.70","7,269.90","1.10B","-0.97%"
"19/08/2022","7,358.70","7,357.70","7,384.10","7,355.30","1.07B","0.01%"
"18/08/2022","7,357.70","7,381.10","7,381.10","7,327.80","1.23B","-0.32%"
"17/08/2022","7,381.10","7,361.90","7,383.80","7,333.50","1.32B","0.26%"
"16/08/2022","7,361.90","7,324.90","7,386.40","7,324.90","1.11B","0.51%"
"15/08/2022","7,324.90","7,288.80","7,336.80","7,288.80","999.82M","0.50%"
"12/08/2022","7,288.80","7,325.40","7,325.40","7,268.90","1.16B","-0.50%"
"11/08/2022","7,325.40","7,238.70","7,331.00","7,238.70","1.24B","1.20%"
"10/08/2022","7,238.70","7,278.60","7,278.60","7,229.70","1.11B","-0.55%"
"09/08/2022","7,278.60","7,259.50","7,283.80","7,252.60","1.33B","0.26%"
"08/08/2022","7,259.50","7,250.30","7,263.80","7,221.80","1.26B","0.13%"
"05/08/2022","7,250.30","7,207.50","7,251.00","7,203.40","1.03B","0.59%"
"04/08/2022","7,207.50","7,202.90","7,253.00","7,202.90","1.09B","0.06%"
"03/08/2022","7,202.90","7,216.40","7,216.40","7,134.90","1.02B","-0.19%"
"02/08/2022","7,216.40","7,213.00","7,221.80","7,163.80","1.01B","0.05%"
"01/08/2022","7,213.00","7,173.80","7,216.00","7,173.80","1.07B","0.55%"
"29/07/2022","7,173.80","7,115.90","7,201.70","7,115.90","1.43B","0.81%"
"28/07/2022","7,115.90","7,038.10","7,117.00","7,038.10","1.22B","1.11%"
"27/07/2022","7,038.10","7,025.20","7,047.40","6,991.70","1.15B","0.18%"
"26/07/2022","7,025.20","7,006.40","7,032.30","6,998.10","1.10B","0.27%"
"25/07/2022","7,006.40","7,011.80","7,021.80","6,993.00","881.21M","-0.08%"
"22/07/2022","7,011.80","7,018.40","7,037.60","6,982.60","1.23B","-0.09%"
"21/07/2022","7,018.40","6,975.20","7,018.40","6,968.30","1.23B","0.62%"
"20/07/2022","6,975.20","6,853.00","6,988.80","6,853.00","1.11B","1.78%"
"19/07/2022","6,853.00","6,888.00","6,895.10","6,843.00","933.77M","-0.51%"
"18/07/2022","6,888.00","6,798.00","6,888.00","6,798.00","822.37M","1.32%"
"15/07/2022","6,798.00","6,848.60","6,848.60","6,733.80","992.80M","-0.74%"
"14/07/2022","6,848.60","6,807.80","6,855.20","6,800.10","1.23B","0.60%"
"13/07/2022","6,807.80","6,786.80","6,807.80","6,767.70","1.07B","0.31%"
"12/07/2022","6,786.80","6,792.60","6,834.10","6,782.90","996.74M","-0.09%"
"11/07/2022","6,792.60","6,877.00","6,877.00","6,792.60","872.07M","-1.23%"
"08/07/2022","6,877.00","6,836.90","6,913.70","6,836.90","930.92M","0.59%"
"07/07/2022","6,836.90","6,784.30","6,836.90","6,780.70","1.07B","0.78%"
"06/07/2022","6,784.30","6,818.10","6,844.00","6,779.80","1.20B","-0.50%"
"05/07/2022","6,818.10","6,796.90","6,844.40","6,784.70","915.95M","0.31%"
"04/07/2022","6,796.90","6,720.40","6,843.70","6,720.40","896.04M","1.14%"
"01/07/2022","6,720.40","6,746.50","6,807.70","6,720.40","976.00M","-0.39%"
"30/06/2022","6,746.50","6,877.90","6,877.90","6,746.50","1.40B","-1.91%"
"29/06/2022","6,877.90","6,953.40","6,953.40","6,845.70","1.33B","-1.09%"
"28/06/2022","6,953.40","6,893.60","6,953.40","6,893.60","1.34B","0.87%"
"27/06/2022","6,893.60","6,762.40","6,904.10","6,762.40","1.55B","1.94%"
"24/06/2022","6,762.40","6,691.40","6,768.40","6,674.30","1.40B","1.06%"
"23/06/2022","6,691.40","6,682.30","6,719.50","6,670.20","1.69B","0.14%"
"22/06/2022","6,682.30","6,700.80","6,736.10","6,667.60","1.39B","-0.28%"
"21/06/2022","6,700.80","6,609.50","6,718.10","6,609.50","1.39B","1.38%"
"20/06/2022","6,609.50","6,663.30","6,675.60","6,581.60","1.38B","-0.81%"
"17/06/2022","6,663.30","6,783.70","6,783.70","6,595.90","3.02B","-1.77%"
"16/06/2022","6,783.70","6,785.80","6,866.30","6,776.30","1.61B","-0.03%"
"15/06/2022","6,785.80","6,881.20","6,881.20","6,775.40","1.69B","-1.39%"
"14/06/2022","6,881.20","7,145.20","7,145.20","6,760.20","2.28B","-3.69%"
"10/06/2022","7,145.20","7,240.40","7,240.40","7,137.00","1.32B","-1.31%"
"09/06/2022","7,240.40","7,347.00","7,347.00","7,240.40","1.23B","-1.45%"
"08/06/2022","7,347.00","7,318.60","7,389.00","7,318.60","1.35B","0.39%"
"07/06/2022","7,318.60","7,433.10","7,435.60","7,304.20","1.25B","-1.54%"
"06/06/2022","7,433.10","7,472.40","7,472.40","7,423.80","983.20M","-0.53%"
"03/06/2022","7,472.40","7,400.80","7,488.80","7,400.80","1.17B","0.97%"
"02/06/2022","7,400.80","7,462.90","7,462.90","7,376.70","1.32B","-0.83%"
"01/06/2022","7,462.90","7,455.20","7,475.50","7,434.90","1.48B","0.10%"
"31/05/2022","7,455.20","7,522.60","7,524.50","7,455.20","2.39B","-0.90%"
"30/05/2022","7,522.60","7,413.10","7,522.60","7,413.10","1.23B","1.48%"
"27/05/2022","7,413.10","7,339.30","7,430.50","7,339.30","1.16B","1.01%"
"26/05/2022","7,339.30","7,391.70","7,420.40","7,339.30","922.61M","-0.71%"
"25/05/2022","7,391.70","7,453.00","7,453.00","7,378.50","1.07B","0.25%"
"24/05/2022","7,373.20","7,398.90","7,415.20","7,367.00","1.43B","-0.35%"
"23/05/2022","7,398.90","7,391.00","7,449.50","7,386.50","1.08B","0.11%"
"20/05/2022","7,391.00","7,303.30","7,397.30","7,303.30","1.14B","1.20%"
"19/05/2022","7,303.30","7,426.60","7,426.60","7,276.00","1.23B","-1.66%"
"18/05/2022","7,426.60","7,350.60","7,442.90","7,350.60","1.13B","1.03%"
"17/05/2022","7,350.60","7,326.20","7,366.40","7,326.20","1.08B","0.33%"
"16/05/2022","7,326.20","7,307.70","7,392.60","7,307.70","1.09B","0.25%"
"13/05/2022","7,307.70","7,166.60","7,307.70","7,166.60","1.26B","1.97%"
"12/05/2022","7,166.60","7,304.40","7,304.40","7,157.20","1.41B","-1.89%"
"11/05/2022","7,304.40","7,285.20","7,304.40","7,221.70","1.27B","0.26%"
"10/05/2022","7,285.20","7,357.90","7,357.90","7,158.00","1.79B","-0.99%"
"09/05/2022","7,357.90","7,467.60","7,467.60","7,331.10","1.39B","-1.47%"
"06/05/2022","7,467.60","7,639.20","7,639.20","7,420.20","1.54B","-2.25%"
"05/05/2022","7,639.20","7,564.80","7,643.50","7,564.80","1.35B","0.98%"
"04/05/2022","7,564.80","7,587.60","7,638.50","7,559.10","1.39B","-0.30%"
"03/05/2022","7,587.60","7,623.60","7,631.50","7,571.80","1.04B","-0.47%"
"02/05/2022","7,623.60","7,724.80","7,724.80","7,579.90","1.00B","-1.31%"
"29/04/2022","7,724.80","7,642.40","7,724.80","7,642.40","1.22B","1.08%"
"28/04/2022","7,642.40","7,547.00","7,642.40","7,547.00","1.17B","1.26%"
"27/04/2022","7,547.00","7,604.00","7,604.00","7,514.50","1.37B","-0.75%"
"26/04/2022","7,604.00","7,768.20","7,768.20","7,576.00","1.50B","-2.11%"
"22/04/2022","7,768.20","7,887.10","7,887.10","7,746.70","1.33B","-1.51%"
"21/04/2022","7,887.10","7,869.60","7,898.20","7,863.50","1.07B","0.22%"
"20/04/2022","7,869.60","7,867.90","7,923.40","7,867.20","1.12B","0.02%"
"19/04/2022","7,867.90","7,822.20","7,886.20","7,822.20","1.21B","0.58%"
"14/04/2022","7,822.20","7,772.00","7,826.80","7,772.00","1.24B","0.65%"
"13/04/2022","7,772.00","7,735.50","7,781.40","7,735.50","1.15B","0.47%"
"12/04/2022","7,735.50","7,773.20","7,773.20","7,713.50","1.13B","-0.49%"
"11/04/2022","7,773.20","7,772.00","7,818.10","7,761.00","1.17B","0.02%"
"08/04/2022","7,772.00","7,734.80","7,787.80","7,734.80","1.38B","0.48%"
"07/04/2022","7,734.80","7,788.30","7,788.30","7,730.50","1.36B","-0.69%"
"06/04/2022","7,788.30","7,833.20","7,833.20","7,738.80","1.59B","-0.57%"
"05/04/2022","7,833.20","7,818.90","7,880.10","7,816.00","1.49B","0.18%"
"04/04/2022","7,818.90","7,785.90","7,834.70","7,785.90","1.39B","0.42%"
"01/04/2022","7,785.90","7,789.60","7,804.10","7,768.50","1.42B","-0.05%"
"31/03/2022","7,789.60","7,799.90","7,839.90","7,789.60","1.58B","-0.13%"
"30/03/2022","7,799.90","7,747.00","7,817.60","7,747.00","2.16B","0.68%"
"29/03/2022","7,747.00","7,689.30","7,761.20","7,687.60","1.26B","0.75%"
"28/03/2022","7,689.30","7,689.90","7,725.40","7,689.30","1.16B","-0.01%"
"25/03/2022","7,689.90","7,669.00","7,714.50","7,669.00","1.34B","0.27%"
"24/03/2022","7,669.00","7,665.00","7,681.90","7,640.80","1.54B","0.05%"
"23/03/2022","7,665.00","7,620.70","7,672.10","7,611.60","1.59B","0.58%"
"22/03/2022","7,620.70","7,558.90","7,655.30","7,558.90","1.24B","0.82%"
"21/03/2022","7,558.90","7,571.20","7,634.20","7,558.90","1.15B","-0.16%"
"18/03/2022","7,571.20","7,521.60","7,571.20","7,519.80","2.61B","0.66%"
"17/03/2022","7,521.60","7,435.80","7,567.80","7,435.80","1.28B","1.15%"
"16/03/2022","7,435.80","7,356.10","7,441.60","7,356.10","1.04B","1.08%"
"15/03/2022","7,356.10","7,422.20","7,422.20","7,339.90","1.18B","-0.89%"
"14/03/2022","7,422.20","7,339.30","7,423.20","7,339.30","980.25M","1.13%"
"11/03/2022","7,339.30","7,410.90","7,429.70","7,327.00","1.28B","-0.97%"
"10/03/2022","7,410.90","7,331.80","7,443.50","7,320.70","1.48B","1.08%"
"09/03/2022","7,331.80","7,252.90","7,350.10","7,242.80","1.51B","1.09%"
"08/03/2022","7,252.90","7,321.20","7,331.10","7,252.90","1.52B","-0.93%"
"07/03/2022","7,321.20","7,395.30","7,421.70","7,293.10","1.57B","-1.00%"
"04/03/2022","7,395.30","7,446.80","7,446.80","7,308.60","1.39B","-0.69%"
"03/03/2022","7,446.80","7,406.30","7,491.30","7,406.30","1.26B","0.55%"
"02/03/2022","7,406.30","7,385.30","7,409.30","7,328.60","1.33B","0.28%"
"01/03/2022","7,385.30","7,323.20","7,442.80","7,323.20","1.27B","0.85%"
"28/02/2022","7,323.20","7,273.70","7,323.70","7,249.40","1.45B","0.68%"
"25/02/2022","7,273.60","7,253.10","7,315.60","7,250.00","1.37B","0.28%"
"24/02/2022","7,253.10","7,473.90","7,473.90","7,225.00","1.70B","-2.95%"
"23/02/2022","7,473.90","7,422.20","7,473.90","7,406.60","1.22B","0.70%"
"22/02/2022","7,422.20","7,507.00","7,507.00","7,370.50","1.31B","-1.13%"
"21/02/2022","7,507.00","7,502.80","7,521.40","7,427.70","1.07B","0.06%"
"18/02/2022","7,502.80","7,574.80","7,574.80","7,479.00","1.13B","-0.95%"
"17/02/2022","7,574.80","7,573.00","7,640.40","7,563.70","1.14B","0.02%"
"16/02/2022","7,573.00","7,490.30","7,573.00","7,487.70","1.15B","1.10%"
"15/02/2022","7,490.30","7,535.10","7,541.60","7,482.70","1.09B","-0.59%"
"14/02/2022","7,535.10","7,515.80","7,554.00","7,478.20","1.11B","0.26%"
"11/02/2022","7,515.80","7,595.50","7,599.80","7,488.90","896.86M","-1.05%"
"10/02/2022","7,595.50","7,572.80","7,646.70","7,566.80","1.23B","0.30%"
"09/02/2022","7,572.80","7,489.00","7,572.80","7,486.80","1.30B","1.12%"
"08/02/2022","7,489.00","7,414.20","7,506.90","7,414.20","1.08B","1.01%"
"07/02/2022","7,414.20","7,418.80","7,431.60","7,347.00","883.00M","-0.06%"
"04/02/2022","7,418.90","7,374.60","7,418.90","7,343.00","1.15B","0.60%"
"03/02/2022","7,374.60","7,399.60","7,405.90","7,345.30","926.52M","-0.34%"
"02/02/2022","7,399.60","7,312.80","7,417.70","7,312.80","950.32M","1.19%"
"01/02/2022","7,312.80","7,268.30","7,349.50","7,252.00","1.01B","0.61%"
"31/01/2022","7,268.30","7,266.30","7,298.40","7,217.20","1.07B","0.03%"
"28/01/2022","7,266.30","7,114.50","7,279.40","7,113.60","2.59B","2.13%"
"27/01/2022","7,114.50","7,248.10","7,334.40","7,031.90","1.75B","-1.84%"
"25/01/2022","7,248.10","7,441.50","7,441.50","7,205.90","1.72B","-2.60%"
"24/01/2022","7,441.50","7,488.00","7,488.00","7,387.40","1.21B","-0.65%"
"21/01/2022","7,490.10","7,668.90","7,668.90","7,468.00","1.43B","-2.33%"
"20/01/2022","7,668.90","7,656.60","7,676.90","7,624.90","1.12B","0.16%"
"19/01/2022","7,656.60","7,735.80","7,735.80","7,650.10","1.05B","-1.02%"
"18/01/2022","7,735.80","7,739.30","7,771.60","7,725.30","944.00M","-0.05%"
"17/01/2022","7,739.30","7,717.10","7,751.50","7,708.20","820.16M","0.29%"
"14/01/2022","7,717.10","7,797.50","7,797.50","7,711.30","1.03B","-1.03%"
"13/01/2022","7,797.50","7,762.20","7,811.20","7,762.20","972.17M","0.45%"
"12/01/2022","7,762.20","7,710.70","7,787.60","7,710.70","873.02M","0.67%"
"11/01/2022","7,710.70","7,766.10","7,766.10","7,698.80","834.17M","-0.71%"
"10/01/2022","7,766.10","7,774.40","7,780.30","7,727.50","674.50M","-0.11%"
"07/01/2022","7,774.40","7,679.30","7,805.70","7,679.30","733.91M","1.24%"
"06/01/2022","7,679.30","7,899.60","7,899.60","7,660.90","929.69M","-2.79%"
"05/01/2022","7,899.60","7,926.80","7,956.30","7,897.10","775.96M","-0.34%"
"04/01/2022","7,926.80","7,779.20","7,930.60","7,779.20","822.31M","1.90%"
"31/12/2021","7,779.20","7,843.70","7,845.40","7,779.20","450.76M","-0.82%"
"30/12/2021","7,843.70","7,840.30","7,847.90","7,826.20","577.49M","0.04%"
"29/12/2021","7,840.30","7,744.70","7,847.30","7,744.70","701.29M","1.23%"
"24/12/2021","7,744.70","7,707.50","7,759.80","7,707.50","345.31M","0.48%"
"23/12/2021","7,707.50","7,682.60","7,722.30","7,681.90","619.03M","0.32%"
"22/12/2021","7,682.60","7,666.70","7,688.00","7,650.50","756.17M","0.21%"
"21/12/2021","7,666.70","7,602.20","7,669.30","7,597.10","833.15M","0.85%"
"20/12/2021","7,602.20","7,625.80","7,625.80","7,571.80","838.71M","-0.31%"
"17/12/2021","7,626.20","7,618.50","7,668.50","7,618.50","2.34B","0.10%"
"16/12/2021","7,618.50","7,636.20","7,644.30","7,592.40","1.16B","-0.23%"
"15/12/2021","7,636.20","7,698.30","7,698.30","7,635.10","877.31M","-0.81%"
"14/12/2021","7,698.30","7,697.50","7,713.10","7,660.60","1.03B","0.01%"
"13/12/2021","7,697.50","7,667.90","7,732.10","7,667.90","852.63M","0.39%"
"10/12/2021","7,667.90","7,689.40","7,689.40","7,642.70","1.02B","-0.28%"
"09/12/2021","7,689.40","7,707.20","7,724.00","7,681.60","849.88M","-0.23%"
"08/12/2021","7,707.20","7,605.20","7,744.30","7,605.20","1.01B","1.34%"
"07/12/2021","7,605.20","7,529.00","7,617.60","7,529.00","988.65M","1.01%"
"06/12/2021","7,529.00","7,543.60","7,550.20","7,496.80","1.13B","-0.19%"
"03/12/2021","7,543.60","7,536.10","7,598.70","7,514.80","977.41M","0.10%"
"02/12/2021","7,536.10","7,557.80","7,557.80","7,487.20","1.06B","-0.29%"
"01/12/2021","7,557.80","7,587.40","7,588.30","7,507.60","975.60M","-0.39%"
"30/11/2021","7,587.40","7,562.50","7,661.70","7,562.50","2.02B","0.33%"
"29/11/2021","7,562.50","7,599.90","7,599.90","7,482.80","1.33B","-0.49%"
"26/11/2021","7,599.90","7,736.90","7,736.90","7,583.10","950.54M","-1.77%"
"25/11/2021","7,736.90","7,725.50","7,743.50","7,702.30","963.79M","0.15%"
"24/11/2021","7,725.50","7,741.70","7,750.30","7,707.30","937.01M","-0.21%"
"23/11/2021","7,741.70","7,688.30","7,747.90","7,688.30","1.01B","0.69%"
"22/11/2021","7,688.30","7,729.90","7,729.90","7,672.10","914.72M","-0.54%"
"19/11/2021","7,729.90","7,713.20","7,736.40","7,709.00","825.16M","0.22%"
"18/11/2021","7,713.20","7,704.00","7,731.20","7,678.90","1.03B","0.12%"
"17/11/2021","7,704.00","7,747.10","7,763.90","7,679.10","1.04B","-0.56%"
"16/11/2021","7,747.10","7,798.20","7,798.20","7,730.80","1.06B","-0.66%"
"15/11/2021","7,798.20","7,765.80","7,809.40","7,762.70","962.17M","0.42%"
"12/11/2021","7,765.80","7,701.20","7,787.40","7,701.20","1.08B","0.84%"
"11/11/2021","7,701.20","7,737.40","7,737.40","7,647.50","1.04B","-0.47%"
"10/11/2021","7,737.40","7,756.30","7,774.90","7,725.00","962.90M","-0.24%"
"09/11/2021","7,756.30","7,767.90","7,789.50","7,756.30","1.01B","-0.15%"
"08/11/2021","7,767.90","7,777.20","7,797.40","7,748.50","1.00B","-0.12%"
"05/11/2021","7,777.20","7,746.30","7,797.80","7,743.50","945.14M","0.40%"
"04/11/2021","7,746.30","7,713.00","7,746.30","7,713.00","1.15B","0.43%"
"03/11/2021","7,713.00","7,646.60","7,752.30","7,646.60","962.96M","0.87%"
"02/11/2021","7,646.60","7,692.20","7,719.30","7,636.90","819.87M","-0.59%"
"01/11/2021","7,692.20","7,639.10","7,710.30","7,639.10","989.09M","0.70%"
"29/10/2021","7,639.10","7,739.70","7,756.90","7,634.10","1.11B","-1.30%"
"28/10/2021","7,739.70","7,758.00","7,758.00","7,712.60","949.44M","-0.24%"
"27/10/2021","7,758.00","7,759.30","7,785.60","7,731.80","952.75M","-0.02%"
"26/10/2021","7,759.30","7,754.30","7,786.10","7,754.30","890.66M","0.06%"
"25/10/2021","7,754.30","7,726.80","7,779.80","7,725.50","848.07M","0.36%"
"22/10/2021","7,726.80","7,728.50","7,745.40","7,704.30","999.19M","-0.02%"
"21/10/2021","7,728.50","7,727.20","7,759.00","7,716.20","1.14B","0.02%"
"20/10/2021","7,727.20","7,690.20","7,765.00","7,690.20","1.14B","0.48%"
"19/10/2021","7,690.20","7,689.70","7,718.90","7,684.20","1.01B","0.01%"
"18/10/2021","7,689.70","7,674.20","7,705.80","7,665.20","978.63M","0.20%"
"15/10/2021","7,674.20","7,620.20","7,684.00","7,620.20","986.28M","0.71%"
"14/10/2021","7,620.20","7,571.90","7,666.30","7,571.90","1.19B","0.64%"
"13/10/2021","7,571.90","7,575.60","7,595.10","7,556.70","1.08B","-0.05%"
"12/10/2021","7,575.60","7,601.10","7,629.40","7,554.80","1.15B","-0.34%"
"11/10/2021","7,601.10","7,617.30","7,617.30","7,548.00","1.08B","-0.21%"
"08/10/2021","7,617.30","7,551.20","7,618.50","7,551.20","998.84M","0.88%"
"07/10/2021","7,551.20","7,496.20","7,559.10","7,496.20","1.11B","0.73%"
"06/10/2021","7,496.20","7,536.50","7,570.40","7,473.30","1.22B","-0.53%"
"05/10/2021","7,536.50","7,576.80","7,576.80","7,486.00","1.24B","-0.53%"
"04/10/2021","7,576.80","7,486.60","7,607.00","7,486.60","760.55M","1.20%"
"01/10/2021","7,486.60","7,629.70","7,629.70","7,457.60","1.20B","-1.88%"
"30/09/2021","7,629.70","7,500.20","7,629.70","7,500.20","1.22B","1.73%"
"29/09/2021","7,500.20","7,581.10","7,581.10","7,446.50","1.30B","-1.07%"
"28/09/2021","7,581.10","7,690.40","7,690.40","7,580.70","1.21B","-1.43%"
"27/09/2021","7,690.70","7,649.30","7,725.30","7,649.30","1.09B","0.54%"
"24/09/2021","7,649.30","7,681.30","7,689.70","7,642.60","1.09B","-0.42%"
"23/09/2021","7,681.30","7,593.80","7,695.80","7,593.80","1.19B","1.15%"
"22/09/2021","7,593.80","7,563.10","7,634.60","7,534.00","1.08B","0.41%"
"21/09/2021","7,563.10","7,537.90","7,575.20","7,474.10","1.25B","0.33%"
"20/09/2021","7,537.90","7,691.10","7,691.10","7,521.90","1.29B","-2.14%"
"17/09/2021","7,702.90","7,759.80","7,759.80","7,677.40","3.36B","-0.73%"
"16/09/2021","7,759.80","7,723.20","7,789.60","7,723.20","1.46B","0.47%"
"15/09/2021","7,723.20","7,740.30","7,740.30","7,685.80","1.27B","-0.22%"
"14/09/2021","7,740.30","7,726.10","7,746.80","7,691.10","1.28B","0.18%"
"13/09/2021","7,726.10","7,706.20","7,735.50","7,691.00","1.14B","0.26%"
"10/09/2021","7,706.20","7,658.90","7,722.50","7,658.90","1.01B","0.62%"
"09/09/2021","7,658.90","7,807.50","7,807.50","7,635.80","1.20B","-1.90%"
"08/09/2021","7,807.50","7,826.40","7,826.40","7,772.80","1.14B","-0.24%"
"07/09/2021","7,826.40","7,823.80","7,833.40","7,783.70","994.68M","0.03%"
"06/09/2021","7,823.80","7,826.70","7,826.70","7,742.00","1.29B","-0.04%"
"03/09/2021","7,826.70","7,783.80","7,840.70","7,783.60","1.14B","0.55%"
"02/09/2021","7,783.80","7,813.00","7,813.00","7,734.20","1.06B","-0.37%"
"01/09/2021","7,813.00","7,823.30","7,823.30","7,750.50","1.04B","-0.13%"
"31/08/2021","7,823.30","7,788.60","7,841.80","7,788.60","1.28B","0.45%"
"30/08/2021","7,788.60","7,760.10","7,807.40","7,758.90","1.06B","0.37%"
"27/08/2021","7,760.10","7,770.40","7,770.40","7,740.40","1.12B","-0.13%"
"26/08/2021","7,770.40","7,809.60","7,809.60","7,759.60","1.17B","-0.50%"
"25/08/2021","7,809.60","7,773.70","7,818.90","7,773.70","1.15B","0.46%"
"24/08/2021","7,773.70","7,761.10","7,796.30","7,761.10","1.12B","0.16%"
"23/08/2021","7,761.10","7,725.10","7,765.20","7,725.10","1.00B","0.47%"
"20/08/2021","7,725.10","7,735.30","7,779.40","7,716.30","1.16B","-0.13%"
"19/08/2021","7,735.30","7,770.70","7,770.70","7,700.40","1.14B","-0.46%"
"18/08/2021","7,770.70","7,773.30","7,796.20","7,734.90","1.03B","-0.03%"
"17/08/2021","7,773.30","7,849.60","7,849.60","7,759.20","929.79M","-0.97%"
"16/08/2021","7,849.60","7,897.70","7,897.70","7,849.60","1.09B","-0.61%"
"13/08/2021","7,897.70","7,860.50","7,902.20","7,858.90","974.25M","0.47%"
"12/08/2021","7,860.50","7,854.60","7,876.70","7,844.20","1.05B","0.08%"
"11/08/2021","7,854.60","7,830.40","7,882.80","7,830.40","1.09B","0.31%"
"10/08/2021","7,830.40","7,804.30","7,841.80","7,804.30","934.82M","0.33%"
"09/08/2021","7,804.30","7,805.90","7,831.30","7,799.60","967.35M","-0.03%"
"06/08/2021","7,806.50","7,779.60","7,806.50","7,765.00","898.85M","0.35%"
"05/08/2021","7,779.60","7,778.70","7,797.50","7,769.10","899.28M","0.01%"
"04/08/2021","7,778.70","7,750.50","7,785.10","7,750.50","894.57M","0.36%"
"03/08/2021","7,750.50","7,760.50","7,767.10","7,731.10","947.59M","-0.13%"
"02/08/2021","7,760.50","7,689.30","7,777.10","7,688.50","915.83M","1.26%"
"30/07/2021","7,664.20","7,695.20","7,713.30","7,659.70","999.79M","-0.40%"
"29/07/2021","7,695.20","7,649.60","7,695.20","7,649.60","903.40M","0.60%"
"28/07/2021","7,649.60","7,704.00","7,704.00","7,640.10","936.10M","-0.71%"
"27/07/2021","7,704.00","7,670.50","7,722.00","7,670.50","947.28M","0.44%"
"26/07/2021","7,670.50","7,670.90","7,694.80","7,666.60","944.66M","-0.01%"
"23/07/2021","7,670.90","7,658.90","7,676.20","7,632.20","846.00M","0.16%"
"22/07/2021","7,658.90","7,580.90","7,659.20","7,580.90","939.43M","1.03%"
"21/07/2021","7,580.90","7,525.80","7,630.10","7,525.80","922.29M","0.73%"
"20/07/2021","7,525.80","7,559.70","7,559.70","7,478.00","1.04B","-0.45%"
"19/07/2021","7,559.70","7,630.70","7,630.70","7,528.50","910.81M","-0.93%"
"16/07/2021","7,630.70","7,616.60","7,630.70","7,597.30","979.32M","0.19%"
"15/07/2021","7,616.60","7,631.80","7,644.80","7,604.00","1.03B","-0.20%"
"14/07/2021","7,631.80","7,612.20","7,645.10","7,605.10","882.76M","0.26%"
"13/07/2021","7,612.20","7,604.90","7,656.30","7,604.90","955.83M","0.10%"
"12/07/2021","7,604.90","7,545.30","7,625.80","7,545.30","831.19M","0.79%"
"09/07/2021","7,545.30","7,614.90","7,614.90","7,498.90","909.39M","-0.91%"
"08/07/2021","7,614.90","7,599.30","7,654.00","7,599.30","873.02M","0.21%"
"07/07/2021","7,599.30","7,531.40","7,604.90","7,525.90","1.07B","0.90%"
"06/07/2021","7,531.40","7,589.00","7,620.10","7,531.40","970.25M","-0.76%"
"05/07/2021","7,589.00","7,587.10","7,619.60","7,584.50","942.35M","0.03%"
"02/07/2021","7,587.10","7,541.50","7,587.70","7,541.50","877.28M","0.60%"
"01/07/2021","7,541.50","7,585.00","7,590.40","7,541.50","935.37M","-0.57%"
"30/06/2021","7,585.00","7,565.50","7,634.20","7,565.50","1.10B","0.26%"
"29/06/2021","7,565.50","7,573.30","7,573.30","7,506.30","852.02M","-0.09%"
"28/06/2021","7,572.50","7,578.60","7,580.20","7,540.80","884.23M","-0.08%"
"25/06/2021","7,578.60","7,539.10","7,594.20","7,539.10","1.07B","0.52%"
"24/06/2021","7,539.10","7,552.10","7,559.40","7,520.70","1.02B","-0.17%"
"23/06/2021","7,552.10","7,592.70","7,594.70","7,547.40","973.45M","-0.53%"
"22/06/2021","7,592.70","7,485.20","7,616.00","7,485.20","1.10B","1.44%"
"21/06/2021","7,485.20","7,624.30","7,624.30","7,467.70","968.68M","-1.82%"
"18/06/2021","7,624.30","7,600.50","7,652.50","7,580.40","1.84B","0.31%"
"17/06/2021","7,600.50","7,633.40","7,633.40","7,583.60","1.11B","-0.43%"
"16/06/2021","7,633.40","7,633.00","7,655.90","7,620.60","999.01M","0.01%"
"15/06/2021","7,633.00","7,577.20","7,653.10","7,577.20","1.02B","0.74%"
"11/06/2021","7,577.20","7,558.80","7,593.40","7,537.20","921.30M","0.24%"
"10/06/2021","7,558.80","7,522.00","7,569.70","7,517.70","998.55M","0.49%"
"09/06/2021","7,522.00","7,542.30","7,586.80","7,522.00","976.72M","-0.27%"
"08/06/2021","7,542.30","7,531.60","7,567.10","7,519.20","896.36M","0.14%"
"07/06/2021","7,531.60","7,543.30","7,561.20","7,520.20","798.86M","-0.16%"
"04/06/2021","7,543.30","7,510.70","7,548.20","7,491.30","992.58M","0.43%"
"03/06/2021","7,510.70","7,468.90","7,530.20","7,468.90","1.00B","0.56%"
"02/06/2021","7,468.90","7,392.10","7,469.60","7,392.10","976.87M","1.04%"
"01/06/2021","7,392.10","7,406.70","7,411.20","7,366.80","760.95M","-0.20%"
"31/05/2021","7,406.70","7,424.00","7,448.30","7,402.20","912.03M","-0.23%"
"28/05/2021","7,424.00","7,344.00","7,431.40","7,344.00","1.09B","1.09%"
"27/05/2021","7,344.00","7,331.60","7,365.70","7,322.70","2.20B","0.17%"
"26/05/2021","7,331.60","7,349.10","7,374.40","7,325.20","886.00M","-0.24%"
"25/05/2021","7,349.10","7,276.00","7,349.10","7,276.00","821.40M","1.00%"
"24/05/2021","7,276.00","7,265.30","7,296.50","7,245.80","753.76M","0.15%"
"21/05/2021","7,265.30","7,252.60","7,290.70","7,234.40","917.02M","0.18%"
"20/05/2021","7,252.60","7,165.70","7,257.90","7,154.90","989.13M","1.21%"
"19/05/2021","7,165.70","7,299.10","7,299.10","7,154.00","1.05B","-1.83%"
"18/05/2021","7,299.10","7,255.80","7,314.70","7,255.80","923.04M","0.60%"
"17/05/2021","7,255.80","7,239.40","7,297.20","7,239.40","755.82M","0.23%"
"14/05/2021","7,239.40","7,209.00","7,281.40","7,209.00","825.35M","0.42%"
"13/05/2021","7,209.00","7,281.10","7,281.10","7,193.20","937.71M","-0.99%"
"12/05/2021","7,281.10","7,331.60","7,332.00","7,242.40","983.46M","-0.69%"
"11/05/2021","7,331.60","7,419.80","7,419.80","7,311.90","887.30M","-1.19%"
"10/05/2021","7,419.80","7,325.20","7,419.80","7,321.00","954.82M","1.29%"
"07/05/2021","7,325.20","7,306.00","7,345.20","7,299.70","855.57M","0.26%"
"06/05/2021","7,306.00","7,344.20","7,359.80","7,287.00","1.01B","-0.52%"
"05/05/2021","7,344.20","7,323.50","7,371.00","7,303.90","854.00M","0.28%"
"04/05/2021","7,323.50","7,286.80","7,323.50","7,286.80","836.16M","0.50%"
"03/05/2021","7,286.80","7,290.70","7,329.60","7,280.20","761.03M","-0.05%"
"30/04/2021","7,290.70","7,346.00","7,346.00","7,278.10","966.53M","-0.75%"
"29/04/2021","7,346.00","7,320.00","7,358.20","7,320.00","965.97M","0.36%"
"28/04/2021","7,320.00","7,295.60","7,334.50","7,291.60","962.91M","0.34%"
"27/04/2021","7,295.50","7,307.80","7,316.50","7,270.10","908.29M","-0.17%"
"26/04/2021","7,307.80","7,320.70","7,334.40","7,307.20","690.28M","-0.18%"
"23/04/2021","7,320.70","7,312.00","7,320.70","7,293.10","814.15M","0.12%"
"22/04/2021","7,312.00","7,258.90","7,312.00","7,253.20","990.65M","0.73%"
"21/04/2021","7,258.90","7,282.10","7,282.10","7,166.20","1.06B","-0.32%"
"20/04/2021","7,282.10","7,328.00","7,329.80","7,273.00","842.70M","-0.63%"
"19/04/2021","7,328.00","7,325.80","7,358.80","7,325.80","819.20M","0.03%"
"16/04/2021","7,325.80","7,317.50","7,325.90","7,292.10","961.40M","0.11%"
"15/04/2021","7,317.50","7,280.60","7,331.10","7,248.40","1.01B","0.51%"
"14/04/2021","7,280.60","7,231.00","7,284.80","7,231.00","1.26B","0.69%"
"13/04/2021","7,231.00","7,225.20","7,251.20","7,217.90","774.73M","0.08%"
"12/04/2021","7,225.20","7,253.80","7,253.80","7,209.20","825.26M","-0.37%"
"09/04/2021","7,252.30","7,250.30","7,252.30","7,221.60","868.18M","0.03%"
"08/04/2021","7,250.30","7,177.40","7,260.60","7,177.40","916.14M","1.02%"
"07/04/2021","7,177.40","7,133.90","7,182.90","7,133.90","955.14M","0.61%"
"06/04/2021","7,133.90","7,064.20","7,158.30","7,064.20","850.84M","0.99%"
"01/04/2021","7,064.20","7,017.00","7,065.50","7,015.20","766.87M","0.67%"
"31/03/2021","7,017.00","6,969.80","7,088.20","6,969.80","1.06B","0.68%"
"30/03/2021","6,969.80","7,036.40","7,068.70","6,969.60","838.99M","-0.95%"
"29/03/2021","7,036.40","7,063.10","7,100.20","7,030.50","822.78M","-0.38%"
"26/03/2021","7,063.10","7,022.60","7,071.30","7,022.60","864.03M","0.58%"
"25/03/2021","7,022.60","7,013.90","7,036.80","7,003.20","880.69M","0.12%"
"24/03/2021","7,013.90","6,986.60","7,034.90","6,974.20","856.82M","0.39%"
"23/03/2021","6,986.60","6,995.00","7,028.60","6,981.90","891.74M","-0.12%"
"22/03/2021","6,995.00","6,959.60","7,006.00","6,938.50","902.51M","0.51%"
"19/03/2021","6,959.60","7,003.60","7,003.60","6,925.20","2.12B","-0.63%"
"18/03/2021","7,003.60","7,048.00","7,061.90","7,002.40","1.04B","-0.63%"
"17/03/2021","7,048.00","7,079.00","7,079.00","7,016.60","854.60M","-0.44%"
"16/03/2021","7,079.00","7,019.10","7,109.40","7,014.90","923.28M","0.85%"
"15/03/2021","7,019.10","7,014.60","7,036.70","6,976.10","819.83M","0.06%"
"12/03/2021","7,014.60","6,952.90","7,025.40","6,952.90","779.52M","0.89%"
"11/03/2021","6,952.90","6,947.20","6,992.00","6,885.10","906.89M","0.08%"
"10/03/2021","6,947.20","7,000.40","7,038.60","6,947.20","1.08B","-0.76%"
"09/03/2021","7,000.40","6,971.60","7,033.70","6,971.60","1.03B","0.41%"
"08/03/2021","6,971.60","6,943.00","7,069.30","6,943.00","877.29M","0.41%"
"05/03/2021","6,943.00","7,000.60","7,000.60","6,887.70","1.11B","-0.82%"
"04/03/2021","7,000.60","7,067.90","7,067.90","6,950.20","1.07B","-0.95%"
"03/03/2021","7,067.90","7,009.90","7,068.40","7,009.90","952.11M","0.83%"
"02/03/2021","7,009.90","7,042.70","7,119.20","7,009.90","1.11B","-0.47%"
"01/03/2021","7,042.70","6,940.60","7,043.50","6,931.20","1.13B","1.47%"
"26/02/2021","6,940.60","7,105.70","7,105.70","6,921.90","1.42B","-2.32%"
"25/02/2021","7,105.70","7,049.40","7,127.60","7,049.40","1.11B","0.80%"
"24/02/2021","7,049.40","7,110.80","7,110.80","7,035.40","1.04B","-0.86%"
"23/02/2021","7,110.80","7,061.60","7,110.80","7,041.60","1.17B","0.70%"
"22/02/2021","7,061.60","7,064.00","7,098.20","7,053.90","982.87M","-0.03%"
"19/02/2021","7,064.00","7,155.50","7,156.90","7,039.20","1.01B","-1.28%"
"18/02/2021","7,155.50","7,158.80","7,187.40","7,143.00","1.09B","-0.05%"
"17/02/2021","7,158.80","7,189.30","7,207.70","7,134.80","1.13B","-0.42%"
"16/02/2021","7,189.30","7,149.70","7,194.70","7,149.70","948.37M","0.55%"
"15/02/2021","7,149.70","7,081.30","7,162.80","7,081.30","848.33M","0.97%"
"12/02/2021","7,081.30","7,122.10","7,127.50","7,076.10","668.10M","-0.57%"
"11/02/2021","7,122.10","7,133.80","7,150.40","7,114.80","774.73M","-0.16%"
"10/02/2021","7,133.80","7,102.10","7,144.70","7,102.10","807.84M","0.45%"
"09/02/2021","7,102.10","7,160.80","7,181.50","7,102.10","902.60M","-0.82%"
"08/02/2021","7,160.80","7,112.90","7,181.20","7,112.90","799.05M","0.67%"
"05/02/2021","7,112.90","7,037.90","7,120.90","7,037.90","824.49M","1.07%"
"04/02/2021","7,037.90","7,090.90","7,098.40","7,029.40","812.10M","-0.75%"
"03/02/2021","7,090.90","7,027.50","7,116.40","7,027.50","990.66M","0.90%"
"02/02/2021","7,027.50","6,922.80","7,038.80","6,922.80","909.14M","1.51%"
"01/02/2021","6,922.80","6,870.90","6,933.30","6,770.80","1.00B","0.76%"
"29/01/2021","6,870.90","6,917.60","7,001.40","6,849.50","1.23B","-0.68%"
"28/01/2021","6,917.60","7,060.20","7,060.20","6,867.00","1.10B","-2.02%"
"27/01/2021","7,060.20","7,111.40","7,111.40","7,046.00","1.03B","-0.72%"
"25/01/2021","7,111.40","7,078.90","7,118.60","7,078.90","654.73M","0.46%"
"22/01/2021","7,078.90","7,107.10","7,108.20","7,072.90","967.32M","-0.40%"
"21/01/2021","7,107.10","7,051.00","7,113.60","7,051.00","998.45M","0.80%"
"20/01/2021","7,051.00","7,015.00","7,064.40","7,015.00","833.93M","0.51%"
"19/01/2021","7,015.00","6,935.40","7,019.20","6,935.40","746.87M","1.15%"
"18/01/2021","6,935.40","6,986.00","6,986.00","6,923.40","695.26M","-0.74%"
"15/01/2021","6,986.80","6,982.70","7,019.90","6,982.70","856.15M","0.06%"
"14/01/2021","6,982.70","6,953.90","6,991.30","6,936.20","803.17M","0.41%"
"13/01/2021","6,953.90","6,939.10","6,958.20","6,924.80","846.85M","0.21%"
"12/01/2021","6,939.10","6,959.50","6,992.30","6,939.10","729.83M","-0.29%"
"11/01/2021","6,959.50","7,024.20","7,027.00","6,952.70","783.77M","-0.92%"
"08/01/2021","7,024.20","6,980.50","7,024.20","6,980.50","766.25M","0.63%"
"07/01/2021","6,980.50","6,881.40","7,002.10","6,881.40","889.45M","1.44%"
"06/01/2021","6,881.40","6,955.70","6,959.10","6,864.80","840.51M","-1.07%"
"05/01/2021","6,955.70","6,953.70","6,955.70","6,904.70","828.77M","0.03%"
"04/01/2021","6,953.70","6,850.60","6,953.70","6,850.60","664.27M","1.50%"
"31/12/2020","6,850.60","6,942.90","6,943.30","6,850.60","476.28M","-1.33%"
"30/12/2020","6,942.90","6,962.10","6,962.10","6,889.50","595.00M","-0.28%"
"29/12/2020","6,962.10","6,917.50","6,978.80","6,917.50","671.63M","0.64%"
"24/12/2020","6,917.50","6,892.60","6,953.60","6,892.60","418.44M","0.36%"
"23/12/2020","6,892.60","6,845.50","6,910.70","6,845.50","694.79M","0.69%"
"22/12/2020","6,845.50","6,920.00","6,920.00","6,831.30","854.75M","-1.08%"
"21/12/2020","6,920.00","6,924.10","6,926.00","6,883.40","857.59M","-0.06%"
"18/12/2020","6,924.10","7,000.10","7,009.70","6,924.10","2.01B","-1.09%"
"17/12/2020","7,000.10","6,916.70","7,000.10","6,916.70","1.15B","1.21%"
"16/12/2020","6,916.70","6,866.70","6,954.60","6,866.70","1.01B","0.73%"
"15/12/2020","6,866.70","6,900.30","6,900.30","6,857.50","1.00B","-0.49%"
"14/12/2020","6,900.30","6,886.40","6,932.90","6,886.40","862.87M","0.20%"
"11/12/2020","6,886.40","6,917.10","6,921.90","6,874.00","993.42M","-0.44%"
"10/12/2020","6,917.10","6,965.40","6,965.40","6,912.50","1.01B","-0.69%"
"09/12/2020","6,965.40","6,922.20","6,980.00","6,922.20","890.19M","0.62%"
"08/12/2020","6,922.20","6,908.90","6,933.20","6,894.70","1.10B","0.19%"
"07/12/2020","6,908.90","6,874.80","6,948.00","6,874.80","955.91M","0.64%"
"04/12/2020","6,865.30","6,847.30","6,879.40","6,846.40","872.83M","0.26%"
"03/12/2020","6,847.30","6,811.30","6,861.70","6,811.30","986.92M","0.53%"
"02/12/2020","6,811.30","6,812.20","6,840.80","6,784.40","1.02B","-0.01%"
"01/12/2020","6,812.20","6,742.10","6,833.80","6,732.60","993.60M","1.04%"
"30/11/2020","6,742.10","6,816.80","6,860.80","6,742.10","1.64B","-1.10%"
"27/11/2020","6,816.80","6,848.80","6,848.80","6,803.50","758.85M","-0.47%"
"26/11/2020","6,848.80","6,888.20","6,893.50","6,848.10","958.48M","-0.57%"
"25/11/2020","6,888.20","6,855.50","6,923.10","6,855.50","1.41B","0.48%"
"24/11/2020","6,855.50","6,772.00","6,870.90","6,772.00","1.29B","1.23%"
"23/11/2020","6,772.00","6,739.90","6,800.50","6,739.90","885.54M","0.48%"
"20/11/2020","6,739.90","6,742.70","6,762.20","6,735.00","967.91M","-0.04%"
"19/11/2020","6,742.70","6,726.50","6,742.70","6,695.40","1.06B","0.24%"
"18/11/2020","6,726.50","6,697.80","6,738.30","6,694.50","1.13B","0.43%"
"17/11/2020","6,697.80","6,687.00","6,730.10","6,687.00","1.40B","0.16%"
"16/11/2020","6,687.00","6,609.30","6,690.10","6,609.30","76.47M","1.18%"
"13/11/2020","6,609.30","6,619.60","6,619.60","6,581.60","940.93M","-0.15%"
"12/11/2020","6,619.40","6,651.10","6,673.80","6,601.90","1.14B","-0.48%"
"11/11/2020","6,651.10","6,544.00","6,652.30","6,544.00","1.39B","1.64%"
"10/11/2020","6,544.00","6,515.70","6,647.20","6,515.70","1.73B","0.43%"
"09/11/2020","6,515.70","6,395.00","6,517.70","6,395.00","961.09M","1.89%"
"06/11/2020","6,395.00","6,344.00","6,409.80","6,344.00","934.12M","0.80%"
"05/11/2020","6,344.00","6,265.00","6,347.00","6,265.00","1.26B","1.26%"
"04/11/2020","6,265.00","6,262.80","6,297.50","6,184.10","1.00B","0.04%"
"03/11/2020","6,262.80","6,147.40","6,286.40","6,147.40","890.61M","1.88%"
"02/11/2020","6,147.40","6,133.20","6,158.30","6,105.40","868.52M","0.23%"
"30/10/2020","6,133.20","6,168.00","6,195.00","6,132.40","1.24B","-0.56%"
"29/10/2020","6,168.00","6,261.80","6,261.80","6,145.80","993.54M","-1.50%"
"28/10/2020","6,261.80","6,247.20","6,279.70","6,219.10","940.27M","0.23%"
"27/10/2020","6,247.20","6,357.30","6,357.30","6,229.30","1.05B","-1.73%"
"26/10/2020","6,357.30","6,373.70","6,415.30","6,356.60","898.39M","-0.26%"
"23/10/2020","6,373.70","6,383.70","6,394.10","6,356.60","832.93M","-0.16%"
"22/10/2020","6,383.70","6,403.10","6,403.10","6,312.70","1.07B","-0.30%"
"21/10/2020","6,403.10","6,396.80","6,418.00","6,392.60","1.07B","0.10%"
"20/10/2020","6,396.80","6,435.60","6,447.00","6,392.60","936.37M","-0.60%"
"19/10/2020","6,435.60","6,385.00","6,455.60","6,385.00","760.56M","0.79%"
"16/10/2020","6,385.00","6,414.20","6,424.40","6,373.10","956.99M","-0.46%"
"15/10/2020","6,414.20","6,387.40","6,439.00","6,387.40","956.50M","0.42%"
"14/10/2020","6,387.40","6,400.20","6,404.70","6,380.20","919.03M","-0.20%"
"13/10/2020","6,400.20","6,343.10","6,418.50","6,343.10","922.88M","0.90%"
"12/10/2020","6,343.10","6,312.50","6,343.10","6,306.20","796.57M","0.48%"
"09/10/2020","6,312.50","6,305.80","6,335.80","6,293.80","879.07M","0.11%"
"08/10/2020","6,305.80","6,239.60","6,328.50","6,239.60","964.45M","1.06%"
"07/10/2020","6,239.60","6,164.20","6,247.10","6,149.20","918.61M","1.22%"
"06/10/2020","6,164.20","6,135.10","6,167.50","6,110.40","957.83M","0.47%"
"05/10/2020","6,135.10","5,983.20","6,136.50","5,983.20","604.95M","2.54%"
"02/10/2020","5,983.20","6,069.40","6,069.40","5,970.30","1.11B","-1.42%"
"01/10/2020","6,069.40","6,009.30","6,111.30","6,009.30","849.28M","1.00%"
"30/09/2020","6,009.30","6,141.40","6,141.40","6,009.30","1.25B","-2.15%"
"29/09/2020","6,141.50","6,134.90","6,181.60","6,124.00","920.76M","0.11%"
"28/09/2020","6,134.90","6,140.50","6,157.40","6,121.80","821.56M","-0.09%"
"25/09/2020","6,140.50","6,056.50","6,149.40","6,056.50","932.06M","1.39%"
"24/09/2020","6,056.50","6,111.30","6,111.30","6,009.90","1.03B","-0.90%"
"23/09/2020","6,111.30","5,973.50","6,120.20","5,973.50","1.18B","2.31%"
"22/09/2020","5,973.50","6,013.50","6,013.50","5,951.30","1.24B","-0.67%"
"21/09/2020","6,013.50","6,057.60","6,060.50","6,000.10","1.04B","-0.73%"
"18/09/2020","6,057.60","6,069.20","6,108.70","6,054.30","2.40B","-0.19%"
"17/09/2020","6,069.20","6,146.90","6,147.30","6,069.20","1.30B","-1.26%"
"16/09/2020","6,146.90","6,079.30","6,149.10","6,079.30","1.20B","1.11%"
"15/09/2020","6,079.30","6,078.50","6,100.30","6,068.80","1.16B","0.01%"
"14/09/2020","6,078.50","6,038.90","6,081.30","6,038.90","981.79M","0.66%"
"11/09/2020","6,038.90","6,090.00","6,090.00","6,015.90","928.19M","-0.84%"
"10/09/2020","6,090.00","6,058.90","6,139.80","6,058.40","1.08B","0.51%"
"09/09/2020","6,058.90","6,190.20","6,190.20","6,032.50","1.14B","-2.12%"
"08/09/2020","6,190.20","6,129.90","6,210.50","6,129.90","1.00B","0.98%"
"07/09/2020","6,129.90","6,108.80","6,144.80","6,054.60","895.98M","0.35%"
"04/09/2020","6,108.80","6,301.00","6,301.00","6,102.00","1.16B","-3.05%"
"03/09/2020","6,301.00","6,251.80","6,316.20","6,251.80","1.12B","0.79%"
"02/09/2020","6,251.80","6,143.20","6,263.30","6,143.20","1.32B","1.77%"
"01/09/2020","6,143.20","6,245.90","6,245.90","6,097.00","1.33B","-1.64%"
"31/08/2020","6,245.90","6,262.50","6,277.40","6,245.90","1.45B","-0.24%"
"28/08/2020","6,260.80","6,310.60","6,310.60","6,242.30","1.24B","-0.79%"
"27/08/2020","6,310.60","6,294.50","6,342.60","6,294.50","1.37B","0.26%"
"26/08/2020","6,294.50","6,331.10","6,331.10","6,258.90","1.34B","-0.59%"
"25/08/2020","6,332.00","6,300.30","6,369.90","6,300.30","1.36B","0.50%"
"24/08/2020","6,300.30","6,270.70","6,305.60","6,262.20","1.43B","0.47%"
"21/08/2020","6,270.70","6,271.70","6,319.10","6,262.30","1.15B","-0.02%"
"20/08/2020","6,271.70","6,314.10","6,314.10","6,250.80","1.21B","-0.67%"
"19/08/2020","6,314.10","6,268.70","6,339.40","6,268.70","1.22B","0.72%"
"18/08/2020","6,268.70","6,218.50","6,283.60","6,218.50","1.22B","0.81%"
"17/08/2020","6,218.50","6,261.70","6,261.70","6,200.00","982.52M","-0.69%"
"14/08/2020","6,261.70","6,223.90","6,271.90","6,223.90","1.05B","0.61%"
"13/08/2020","6,223.90","6,257.00","6,286.70","6,209.40","1.17B","-0.53%"
"12/08/2020","6,257.00","6,272.10","6,282.20","6,228.10","1.18B","-0.24%"
"11/08/2020","6,272.10","6,247.10","6,319.70","6,247.10","1.07B","0.40%"
"10/08/2020","6,247.10","6,144.90","6,261.10","6,144.90","949.51M","1.66%"
"07/08/2020","6,144.90","6,180.30","6,180.30","6,133.40","935.63M","-0.57%"
"06/08/2020","6,180.30","6,135.90","6,186.70","6,135.90","1.04B","0.72%"
"05/08/2020","6,135.90","6,166.50","6,166.50","6,099.50","1.01B","-0.50%"
"04/08/2020","6,166.50","6,053.90","6,188.70","6,053.90","991.36M","1.86%"
"03/08/2020","6,053.90","6,058.30","6,075.20","5,992.40","1.05B","-0.07%"
"31/07/2020","6,058.30","6,177.50","6,177.50","6,023.60","1.24B","-1.93%"
"30/07/2020","6,177.50","6,128.00","6,191.60","6,128.00","999.94M","0.81%"
"29/07/2020","6,128.00","6,146.80","6,174.20","6,122.00","1.01B","-0.31%"
"28/07/2020","6,146.80","6,169.60","6,239.80","6,146.30","1.40B","-0.37%"
"27/07/2020","6,169.60","6,148.00","6,170.90","6,138.90","948.32M","0.35%"
"24/07/2020","6,148.00","6,213.90","6,213.90","6,132.80","856.04M","-1.06%"
"23/07/2020","6,213.90","6,192.60","6,221.80","6,171.80","975.84M","0.34%"
"22/07/2020","6,192.60","6,268.80","6,268.80","6,173.30","1.01B","-1.22%"
"21/07/2020","6,268.80","6,112.30","6,272.30","6,112.30","1.12B","2.56%"
"20/07/2020","6,112.30","6,144.90","6,151.00","6,100.70","827.95M","-0.53%"
"17/07/2020","6,144.90","6,123.00","6,155.70","6,108.60","872.18M","0.36%"
"16/07/2020","6,123.00","6,160.40","6,186.40","6,102.50","1.00B","-0.61%"
"15/07/2020","6,160.40","6,045.50","6,160.40","6,045.50","1.00B","1.90%"
"14/07/2020","6,045.50","6,089.30","6,089.30","6,025.60","1.00B","-0.72%"
"13/07/2020","6,089.30","6,116.30","6,124.70","6,036.40","1.09B","0.88%"
"10/07/2020","6,036.30","6,074.90","6,076.50","6,017.00","934.59M","-0.64%"
"09/07/2020","6,074.90","6,034.30","6,117.90","6,034.30","1.08B","0.67%"
"08/07/2020","6,034.30","6,126.70","6,131.30","6,034.30","1.16B","-1.51%"